<?xml version="1.0" encoding="UTF-8"?>
<eml:eml xmlns:eml="eml://ecoinformatics.org/eml-2.1.1" xmlns:dc="http://purl.org/dc/terms/" xmlns:xsi="http://www.w3.org/2001/XMLSchema-instance" xsi:schemaLocation="eml://ecoinformatics.org/eml-2.1.1 http://rs.gbif.org/schema/eml-gbif-profile/1.0.1/eml.xsd" packageId="820aa63e-a3f8-4914-b666-e09e1ba7e80c" system="http://symbiota.org" scope="system" xml:lang="eng"><dataset><title xml:lang="eng">CNALH general data extract</title><creator id="5fe21305-e0fb-4af6-b838-44ed2b95378e"><organizationName>CNALH</organizationName><electronicMailAddress>CNALH.help@gmail.com</electronicMailAddress><onlineUrl>https://lichenportal.org/cnalh/index.php</onlineUrl></creator><metadataProvider><organizationName>CNALH</organizationName><electronicMailAddress>CNALH.help@gmail.com</electronicMailAddress><onlineUrl>https://lichenportal.org/cnalh/index.php</onlineUrl></metadataProvider><pubDate>2020-09-01</pubDate><language>eng</language></dataset><additionalMetadata><metadata><symbiota><dateStamp>2020-09-01T16:14:06-07:00</dateStamp><citation identifier="b3484382-8dbf-4835-9399-6ac3bad6f007">CNALH - b3484382-8dbf-4835-9399-6ac3bad6f007</citation><physical><characterEncoding>UTF-8</characterEncoding><dataFormat><externallyDefinedFormat><formatName>Darwin Core Archive</formatName></externallyDefinedFormat></dataFormat></physical><collection identifier="e9a774a0-6a99-4b5f-aedf-0ee44fb521d1" id="2"><alternateIdentifier>https://lichenportal.org/cnalh/collections/misc/collprofiles.php?collid=2</alternateIdentifier><parentCollectionIdentifier>NY</parentCollectionIdentifier><collectionIdentifier></collectionIdentifier><collectionName>New York Botanical Garden</collectionName><resourceLogoUrl>https://lichenportal.org/cnalh/content/collicon/nybg.jpg</resourceLogoUrl><onlineUrl>http://sciweb.nybg.org/science2/SteereHerbarium.asp</onlineUrl><intellectualRights>http://creativecommons.org/licenses/by-nc/3.0/</intellectualRights><associatedParty><individualName>Barbara Thiers</individualName><electronicMailAddress>bthiers@nybg.org</electronicMailAddress></associatedParty><abstract><para>The New York Botanical Garden lichen herbarium is among the largest and most active such collections in the world. The lichen herbarium contains approximately 230,000 accessioned specimens spanning all taxonomic groups and geographic regions, though with an emphasis on the Americas. Extensive additional holdings, including recent donations, staff collections, and exchange are being integrated and accessioned such that the herbarium will be the largest in the western hemisphere in the coming years. This herbarium is the primary resource documenting the lichens of eastern North America and is the primary repository for several large scale biodiversity inventories funded by the US National Science Foundation.</para></abstract></collection><collection identifier="ca9232e9-9401-4c90-9845-d00fe37f0ac2" id="7"><alternateIdentifier>https://lichenportal.org/cnalh/collections/misc/collprofiles.php?collid=7</alternateIdentifier><parentCollectionIdentifier>ASU</parentCollectionIdentifier><collectionIdentifier></collectionIdentifier><collectionName>Arizona State University Lichen Herbarium</collectionName><resourceLogoUrl>https://lichenportal.org/chlal/content/collicon/asu.jpg</resourceLogoUrl><onlineUrl>https://biokic.asu.edu/lichen-herbarium</onlineUrl><intellectualRights>http://creativecommons.org/licenses/by-nc/4.0/</intellectualRights><abstract></abstract><associatedParty><individualName>Frank Bungartz</individualName><electronicMailAddress>frank.bungartz@asu.edu</electronicMailAddress></associatedParty></collection><collection identifier="30f50ddd-33f0-4dd7-b5c1-ba3466904129" id="8"><alternateIdentifier>https://lichenportal.org/cnalh/collections/misc/collprofiles.php?collid=8</alternateIdentifier><parentCollectionIdentifier>SBBG</parentCollectionIdentifier><collectionIdentifier></collectionIdentifier><collectionName>Santa Barbara Botanic Garden Lichen Herbarium</collectionName><resourceLogoUrl>https://lichenportal.org/cnalh/content/collicon/bratt.jpg</resourceLogoUrl><onlineUrl>http://www.santabarbarabotanicgarden.org/</onlineUrl><intellectualRights>http://creativecommons.org/licenses/by-nc/3.0/</intellectualRights><abstract></abstract><associatedParty><individualName>Rikke Reese Naesborg</individualName><electronicMailAddress>rnaesborg@sbbg.org</electronicMailAddress></associatedParty></collection><collection identifier="9dbae0b2-bf89-47db-975e-caaeae0b96be" id="9"><alternateIdentifier>https://lichenportal.org/cnalh/collections/misc/collprofiles.php?collid=9</alternateIdentifier><parentCollectionIdentifier>OMA</parentCollectionIdentifier><collectionIdentifier></collectionIdentifier><collectionName>University of Nebraska at Omaha Herbarium</collectionName><resourceLogoUrl>https://lichenportal.org/cnalh/content/collicon/oma.gif</resourceLogoUrl><onlineUrl>http://www.unomaha.edu/</onlineUrl><intellectualRights>http://creativecommons.org/licenses/by-nc/3.0/</intellectualRights><abstract></abstract><associatedParty><individualName>Robert S. Egan</individualName><electronicMailAddress>regan@mail.unomaha.edu</electronicMailAddress></associatedParty></collection><collection identifier="5f30e2b3-b8ac-4f8e-8d85-718a8d09f07f" id="10"><alternateIdentifier>https://lichenportal.org/cnalh/collections/misc/collprofiles.php?collid=10</alternateIdentifier><parentCollectionIdentifier>MSC</parentCollectionIdentifier><collectionIdentifier>Lichen</collectionIdentifier><collectionName>Michigan State University</collectionName><resourceLogoUrl>https://lichenportal.org/cnalh/content/collicon/msu.jpg</resourceLogoUrl><onlineUrl>http://herbarium.msu.edu/</onlineUrl><intellectualRights>http://creativecommons.org/licenses/by-nc/3.0/</intellectualRights><associatedParty><individualName>L. Alan Prather</individualName><electronicMailAddress>alan@msu.edu</electronicMailAddress></associatedParty><abstract><para>The MSU Herbarium was founded in 1863 with the donation of a large collection of plants from Michigan and the eastern U.S. Today, we remain focused on plant and fungal diversity from Michigan, but the collection is also rich in plants from Mexico and southeast Asia, and lichens from the Caribbean and the subantarctic region. With over half a million specimens, the MSU Herbarium is among the 50 largest herbaria in the United States, whereas the lichen collection, with 120,000 accessioned collections, is among the 10 largest in North America and, because of its geographical scope, of international importance.</para></abstract></collection><collection identifier="4b10a00d-bdef-4977-a2b6-2c5b927ff5f5" id="12"><alternateIdentifier>https://lichenportal.org/cnalh/collections/misc/collprofiles.php?collid=12</alternateIdentifier><parentCollectionIdentifier>MIN</parentCollectionIdentifier><collectionIdentifier></collectionIdentifier><collectionName>Bell Museum of Natural History, lichen section, Univ. of Minnesota</collectionName><resourceLogoUrl>https://lichenportal.org/cnalh/content/collicon/min.jpg</resourceLogoUrl><onlineUrl>http://www.bellmuseum.umn.edu/ResearchandTeaching/Collections/ScientificCollection/FungalHerbarium/index.htm</onlineUrl><intellectualRights>http://creativecommons.org/licenses/by-nc/3.0/</intellectualRights><associatedParty><individualName>Daniel Stanton</individualName><electronicMailAddress>stan0477@umn.edu</electronicMailAddress></associatedParty><abstract><para>Professor Emeritus: Clifford Wetmore (wetmore&lt;at&gt;tc.umn.edu)</para></abstract></collection><collection identifier="f73ffc16-a582-4419-a7ec-bb881b46b3e1" id="13"><alternateIdentifier>https://lichenportal.org/cnalh/collections/misc/collprofiles.php?collid=13</alternateIdentifier><parentCollectionIdentifier>BRY</parentCollectionIdentifier><collectionIdentifier></collectionIdentifier><collectionName>Brigham Young University</collectionName><resourceLogoUrl>https://lichenportal.org/cnalh/content/collicon/bry.jpg</resourceLogoUrl><onlineUrl>http://mlbean.byu.edu/ResearchCollections/Collections/Lichens.aspx</onlineUrl><intellectualRights>http://creativecommons.org/licenses/by-nc/3.0/</intellectualRights><abstract></abstract><associatedParty><individualName>Steve Leavitt</individualName><electronicMailAddress>steve_leavitt@byu.edu</electronicMailAddress></associatedParty></collection><collection identifier="333e544d-a4d1-4a76-8f20-495a97e0d4a1" id="15"><alternateIdentifier>https://lichenportal.org/cnalh/collections/misc/collprofiles.php?collid=15</alternateIdentifier><parentCollectionIdentifier>CMN</parentCollectionIdentifier><collectionIdentifier>CANL</collectionIdentifier><collectionName>Canadian Museum of Nature</collectionName><resourceLogoUrl>https://lichenportal.org/cnalh/content/collicon/canl.jpg</resourceLogoUrl><onlineUrl>https://nature.ca/en/research-collections/collections/plants-algae</onlineUrl><intellectualRights>http://creativecommons.org/licenses/by-nc/4.0/</intellectualRights><associatedParty><individualName>Jennifer Doubt</individualName><electronicMailAddress>jdoubt@mus-nature.ca</electronicMailAddress></associatedParty><abstract><para>The herbarium was founded in 1882 and contains ~588,000 specimens of north temperate vascular plants, especialy from Canada. Important collectors and collections include T.M.C. Taylor; G. Lawson; R. Bell; N.V. Polunin; R.C. Hosie; A.E. Porsild; J.H. Soper; G.M. Dawson; J. Macoun; W.K.W. Baldwin; H.J. Scoggan; J.M. Gillett; J. Bell; J.M. Macoun; W. Spreadborough; G.W. Argus; M.L. Fernald; A.P. Low; and M.O. Malte. &lt;br/&gt;&lt;br/&gt; This herbarium incorporated specimens from part of the LCU (about 10,000 Canadian and arctic specimens), the Geological Survey of Canada, PFES in 2994, and OTF in 1994.</para></abstract></collection><collection identifier="40ea4ad4-6ed5-4162-875a-dc40964596d7" id="20"><alternateIdentifier>https://lichenportal.org/cnalh/collections/misc/collprofiles.php?collid=20</alternateIdentifier><parentCollectionIdentifier>OSC</parentCollectionIdentifier><collectionIdentifier></collectionIdentifier><collectionName>Oregon State University Herbarium</collectionName><resourceLogoUrl>https://lichenportal.org/cnalh/content/collicon/osu.jpg</resourceLogoUrl><onlineUrl>http://oregonstate.edu/dept/botany/herbarium/</onlineUrl><intellectualRights>http://creativecommons.org/licenses/by-nc/3.0/</intellectualRights><abstract></abstract><associatedParty><individualName>Aaron Liston</individualName><electronicMailAddress>listona@science.oregonstate.edu</electronicMailAddress></associatedParty></collection><collection identifier="a112d218-cadd-4b01-abbf-9b9ff015ff4b" id="21"><alternateIdentifier>https://lichenportal.org/cnalh/collections/misc/collprofiles.php?collid=21</alternateIdentifier><parentCollectionIdentifier>WTU</parentCollectionIdentifier><collectionIdentifier></collectionIdentifier><collectionName>University of Washington Herbarium</collectionName><resourceLogoUrl>https://lichenportal.org/cnalh/content/collicon/uwbm.gif</resourceLogoUrl><onlineUrl>http://www.burkemuseum.org/herbarium</onlineUrl><intellectualRights>http://creativecommons.org/publicdomain/zero/1.0/</intellectualRights><additionalInfo>University of Washington Herbarium</additionalInfo><abstract></abstract><associatedParty><individualName>David Giblin</individualName><electronicMailAddress>wtu@u.washington.edu</electronicMailAddress></associatedParty></collection><collection identifier="89717c08-38c6-4a2e-9293-7381ea799a99" id="22"><alternateIdentifier>https://lichenportal.org/cnalh/collections/misc/collprofiles.php?collid=22</alternateIdentifier><parentCollectionIdentifier>WIS</parentCollectionIdentifier><collectionIdentifier></collectionIdentifier><collectionName>University of Wisconsin - Madison</collectionName><resourceLogoUrl>https://lichenportal.org/cnalh/content/collicon/wis.gif</resourceLogoUrl><onlineUrl>http://www.botany.wisc.edu/herbarium/</onlineUrl><intellectualRights>http://creativecommons.org/licenses/by-nc/3.0/</intellectualRights><associatedParty><individualName>Kenneth M. Cameron</individualName><electronicMailAddress>kmcameron@wisc.edu</electronicMailAddress></associatedParty><abstract><para>The University of Wisconsin-Madison Herbarium, founded in 1849, is a museum collection of dried, labeled plants of state, national and international importance, which is used extensively for taxonomic and ecological research, as well as for teaching and public service. It contains the world's largest collection of Wisconsin plants, about one-third of its 1,000,000 specimens having been collected within the state. Most of the world's floras are well represented, and the holdings from certain areas, such as the Upper Midwest, eastern North America and western Mexico, are widely recognized as resources of global significance.</para></abstract></collection><collection identifier="f21d224c-d5e6-46f0-a971-00d679225a74" id="23"><alternateIdentifier>https://lichenportal.org/cnalh/collections/misc/collprofiles.php?collid=23</alternateIdentifier><parentCollectionIdentifier>SRP</parentCollectionIdentifier><collectionIdentifier></collectionIdentifier><collectionName>Boise State University Lichen Herbarium</collectionName><resourceLogoUrl>https://lichenportal.org/cnalh/content/collicon/bsu.gif</resourceLogoUrl><onlineUrl>http://biology.boisestate.edu/snake-river-plains/</onlineUrl><intellectualRights>http://creativecommons.org/publicdomain/zero/1.0/</intellectualRights><associatedParty><individualName>Roger Rosentreter</individualName><electronicMailAddress>roger.rosentreter0@gmail.com</electronicMailAddress></associatedParty><abstract><para>The Snake River Plains (SRP) herbarium at Boise State University is a museum of plant, fungal, and lichen specimens to be used for basic and applied research by the Boise State University faculty, state and federal land managers working in southwest Idaho, and citizen scientists with legitimate botanical questions. Currently through the use of loans the collection is also accessible to the botanical community at large. With digitization of the collection the materials will be accessible without direct handling to the global botanical and ecological research community.</para></abstract></collection><collection identifier="bedb2352-90dd-48cf-a476-b7b1f3062ef5" id="24"><alternateIdentifier>https://lichenportal.org/cnalh/collections/misc/collprofiles.php?collid=24</alternateIdentifier><parentCollectionIdentifier>NCU</parentCollectionIdentifier><collectionIdentifier></collectionIdentifier><collectionName>University of North Carolina at Chapel Hill Herbarium</collectionName><resourceLogoUrl>https://lichenportal.org/cnalh/content/collicon/ncu.jpg</resourceLogoUrl><onlineUrl>http://www.herbarium.unc.edu/</onlineUrl><intellectualRights>http://creativecommons.org/licenses/by-nc/3.0/</intellectualRights><associatedParty><individualName>Carol Ann McCormick</individualName><electronicMailAddress>mccormick@unc.edu</electronicMailAddress></associatedParty><abstract><para>Founded in 1908, the University of North Carolina at Chapel Hill Herbarium (NCU) is a world-wide collection of vascular plants, bryophytes, fossils (esp. Devonian), algae (esp. red marine temperate), fungi (esp. collections of Wm. C. Coker &amp; N. Couch), and lichens. The lichen collection is world-wide in scope with a focus on the Southeastern United States. Important collectors include Gary B. Perlmutter, Eimy Rivas Plata, Alexander Evans, William W. Calkins, Paul O. Schallert, Jason Hollinger, Francis Harper, Fred W. Gray, Edward Uebel and William C. Grow. NCU welcomes visitors &amp; researchers weekdays; contact Curator Carol Ann McCormick for parking information.</para></abstract></collection><collection identifier="6e27754f-a045-42b2-88eb-be22c393524e" id="25"><alternateIdentifier>https://lichenportal.org/cnalh/collections/misc/collprofiles.php?collid=25</alternateIdentifier><parentCollectionIdentifier>F</parentCollectionIdentifier><collectionIdentifier></collectionIdentifier><collectionName>Field Museum of Natural History</collectionName><resourceLogoUrl>https://lichenportal.org/cnalh/content/collicon/fm.jpg</resourceLogoUrl><onlineUrl>http://www.fieldmuseum.org/research_collections/botany/default.htm</onlineUrl><intellectualRights>http://creativecommons.org/publicdomain/zero/1.0/</intellectualRights><associatedParty><individualName>Thorsten Lumbsch</individualName><electronicMailAddress>tlumbsch@fieldmuseum.org</electronicMailAddress></associatedParty><abstract><para>Additional electronic access to F database is available at: &lt;a href='http://emuweb.fieldmuseum.org/botany/Query.php'&gt;http://emuweb.fieldmuseum.org/botany/Query.php&lt;/a&gt;. Specialty: Phanerogams worldwide with emphasis on tropical and North America, especially rich in collections from Mexico, Guatemala, Costa Rica, Colombia, Venezuela, Ecuador, and Peru; pteridophytes worldwide with emphasis on Guatemala, Costa Rica, Ecuador, and Peru; bryophytes worldwide; mosses of North America, Central America, Andean South America, and Australasia; hepatics of north temperate, South America, and south temperate; all groups of fungi, especially basidiomycetes with emphasis on New World and lichenized fungi of north temperate and Central America; algae worldwide, especially Cyanobacteria; economic botany.</para></abstract></collection><collection identifier="f752844c-bea1-4c33-9874-08db59880d96" id="27"><alternateIdentifier>https://lichenportal.org/cnalh/collections/misc/collprofiles.php?collid=27</alternateIdentifier><parentCollectionIdentifier>ILLS</parentCollectionIdentifier><collectionIdentifier></collectionIdentifier><collectionName>Illinois Natural History Survey </collectionName><resourceLogoUrl>https://lichenportal.org/cnalh/content/collicon/ills.jpg</resourceLogoUrl><onlineUrl>http://www.inhs.uiuc.edu/animals_plants/index.html</onlineUrl><intellectualRights>http://creativecommons.org/licenses/by-nc/3.0/</intellectualRights><associatedParty><individualName>Andrew Miller</individualName><electronicMailAddress>amiller7@illinois.edu</electronicMailAddress></associatedParty><abstract><para>The herbarium contains 250,000 plant and 58,000 fungal specimens.&#13;
&lt;br/&gt;&lt;b&gt;Specialty:&lt;/b&gt; Vascular plants and fungi of Illinois, southeastern and midwestern U.S., Great Smoky Mountains National Park; limited neotropical; recent Kyrgyzstan; Rosaceae subfamily Maloideae.&lt;br/&gt;&lt;b&gt;Date Founded:&lt;/b&gt; 1858. </para></abstract></collection><collection identifier="c0d95123-5a51-431d-8b2a-1672acf5416f" id="28"><alternateIdentifier>https://lichenportal.org/cnalh/collections/misc/collprofiles.php?collid=28</alternateIdentifier><parentCollectionIdentifier>DUKE</parentCollectionIdentifier><collectionIdentifier></collectionIdentifier><collectionName>Duke University Herbarium Lichen Collection</collectionName><resourceLogoUrl>https://lichenportal.org/cnalh/content/collicon/duke.png</resourceLogoUrl><onlineUrl>http://herbarium.duke.edu</onlineUrl><intellectualRights>http://creativecommons.org/licenses/by-nc/3.0/</intellectualRights><associatedParty><individualName>Francois Lutzoni, Curator of Lichens</individualName><electronicMailAddress>flutzoni@duke.edu</electronicMailAddress></associatedParty><abstract><para>The William Louis &amp; Chicita F. Culberson Lichen Herbarium consists of about 160,000 lichen specimens including 600 lichen types. It is focused mainly on collections of Cladoniaceae and Parmeliaceae, although collections of crustose lichens are increasing due to the activities of members of the Lutzoni lab. About 12,000 specimens of the Harmand's collection are exsiccates of Arnold, Desmazieres, Faurie, Flagey, Fries E., Fries Th., Funck, Harmand, Hepp, Leighton, Lojka, Malbranche, Mereschkowsky, Nylander, Olivier, Roumeguere, Schaerer, Zahlbruckner, and Zwackh.</para></abstract></collection><collection identifier="07b667dd-95ba-4701-82db-0c4b698e9958" id="29"><alternateIdentifier>https://lichenportal.org/cnalh/collections/misc/collprofiles.php?collid=29</alternateIdentifier><parentCollectionIdentifier>UPS</parentCollectionIdentifier><collectionIdentifier></collectionIdentifier><collectionName>Uppsala University Exsiccati</collectionName><resourceLogoUrl>https://lichenportal.org/cnalh/content/collicon/ups.png</resourceLogoUrl><onlineUrl>http://130.238.83.220:81/home.php</onlineUrl><intellectualRights>http://creativecommons.org/licenses/by-nc/3.0/</intellectualRights><associatedParty><individualName>Stefan Ekman, Keeper</individualName><electronicMailAddress>stefan.ekman@em.uu.se</electronicMailAddress></associatedParty><abstract><para>Herbarium UPS includes approximately 3 000 000 objects, 520 000 of which have been digitized so far. Digitized objects include vascular plants, fungi (incl. lichens), bryophytes, and algae. </para></abstract></collection><collection identifier="3cfa1308-0a0a-43e3-9fff-41818dc647c5" id="30"><alternateIdentifier>https://lichenportal.org/cnalh/collections/misc/collprofiles.php?collid=30</alternateIdentifier><parentCollectionIdentifier>USU</parentCollectionIdentifier><collectionIdentifier>UTC</collectionIdentifier><collectionName>Intermountain Herbarium Lichen Collection (Utah State University)</collectionName><resourceLogoUrl>https://lichenportal.org/cnalh/content/collicon/utc.jpg</resourceLogoUrl><onlineUrl>http://herbarium.usu.edu/default.htm</onlineUrl><intellectualRights>http://creativecommons.org/licenses/by/3.0/</intellectualRights><associatedParty><individualName>Mary Barkworth</individualName><electronicMailAddress>mary.barkworth@usu.edu</electronicMailAddress></associatedParty><abstract><para>The geographic focus of the Intermountain Herbarium is the area between the Sierra Nevada and the Rocky Mountains but the lichen collection is currently growing most rapidly through research led by Dr. Bradley R. Kropp on the lichens of Wyoming growing on BLM land.</para></abstract></collection><collection identifier="c04ce95d-61fb-4708-b6b0-77c2eaf24cc1" id="31"><alternateIdentifier>https://lichenportal.org/cnalh/collections/misc/collprofiles.php?collid=31</alternateIdentifier><parentCollectionIdentifier>TENN</parentCollectionIdentifier><collectionIdentifier></collectionIdentifier><collectionName>University of Tennessee Lichen Herbarium</collectionName><resourceLogoUrl>https://lichenportal.org/cnalh/content/collicon/tenn.gif</resourceLogoUrl><onlineUrl>https://herbarium.utk.edu/</onlineUrl><intellectualRights>http://creativecommons.org/licenses/by-nc/3.0/</intellectualRights><associatedParty><individualName>Margaret Oliver, Collections Manager</individualName><electronicMailAddress>molive18@utk.edu</electronicMailAddress></associatedParty><abstract><para>Our lichen collection is strongly representative of the southeastern U.S., chiefly Tennessee and the southern Appalachians.</para></abstract></collection><collection identifier="47324c01-130b-4aee-8e27-d7e9a1f6a279" id="32"><alternateIdentifier>https://lichenportal.org/cnalh/collections/misc/collprofiles.php?collid=32</alternateIdentifier><parentCollectionIdentifier>MICH</parentCollectionIdentifier><collectionIdentifier></collectionIdentifier><collectionName>University of Michigan Herbarium</collectionName><resourceLogoUrl>https://lichenportal.org/cnalh/content/collicon/MICH.png</resourceLogoUrl><onlineUrl>http://lsa.umich.edu/herbarium/collections/loan-requests.html</onlineUrl><intellectualRights>http://creativecommons.org/licenses/by-nc/3.0/</intellectualRights><associatedParty><individualName>Timothy Y. James, Curator of Fungi - see home page for loan request information</individualName><electronicMailAddress>tyjames@umich.edu</electronicMailAddress></associatedParty><abstract><para>The University of Michigan Herbarium is home to some of the finest botanical collections in the world. The 1.7 million specimens of vascular plants, algae, bryophytes, fungi, and lichens combined with the expertise of the faculty-curators, students, and staff provide a world-class facility for teaching and research in systematic biology and biodiversity studies.</para></abstract></collection><collection identifier="cb974399-6966-4d9a-9755-515c9c5d0929" id="33"><alternateIdentifier>https://lichenportal.org/cnalh/collections/misc/collprofiles.php?collid=33</alternateIdentifier><parentCollectionIdentifier>PH</parentCollectionIdentifier><collectionIdentifier></collectionIdentifier><collectionName>Academy of Natural Sciences of Drexel University</collectionName><resourceLogoUrl>https://lichenportal.org/cnalh/content/collicon/ph.jpg</resourceLogoUrl><onlineUrl>http://www.ansp.org/research/systematics-evolution/collections/botany/</onlineUrl><intellectualRights>http://creativecommons.org/licenses/by-nc/3.0/</intellectualRights><associatedParty><individualName>Jordan Teisher</individualName><electronicMailAddress>ans_ph_herbarium@drexel.edu</electronicMailAddress></associatedParty><abstract><para>PH (the botanical herbarium of the Academy of Natural Sciences) is the oldest institutional herbarium in the United States. It is a national resource for material from 1750-1850. The diatom herbarium (ANSP) is managed separately.</para></abstract></collection><collection identifier="06d3d6a4-9436-44ea-92ea-13445d7fa38f" id="34"><alternateIdentifier>https://lichenportal.org/cnalh/collections/misc/collprofiles.php?collid=34</alternateIdentifier><parentCollectionIdentifier>ISC</parentCollectionIdentifier><collectionIdentifier></collectionIdentifier><collectionName>Ada Hayden Herbarium at Iowa State University</collectionName><resourceLogoUrl>https://lichenportal.org/cnalh/content/collicon/iastate.gif</resourceLogoUrl><onlineUrl>http://www.public.iastate.edu/~herbarium/</onlineUrl><intellectualRights>http://creativecommons.org/licenses/by-nc/3.0/</intellectualRights><associatedParty><individualName>Deborah Lewis, Curator</individualName><electronicMailAddress>dlewis@iastate.edu</electronicMailAddress></associatedParty><abstract><para>The Ada Hayden Herbarium has the largest collection of Iowa plants and fungi, containing over 600,000 specimens of vascular plants, bryophytes, fungi, and lichens. Functioning primarily as a research facility important for taxonomic studies (occurrence, distribution, and relationships of plants), it is also used for identifying unknown plants. Specimens are loaned to specialists at other institutions around the world to support research. Loans from other institutions allow our researchers access to other herbaria. Recently, herbaria have become a source of materials to use in molecular studies and to support basic research on biodiversity.</para></abstract></collection><collection identifier="2a40ef36-3117-4295-8c11-a672db19b4a0" id="35"><alternateIdentifier>https://lichenportal.org/cnalh/collections/misc/collprofiles.php?collid=35</alternateIdentifier><parentCollectionIdentifier>FLAS</parentCollectionIdentifier><collectionIdentifier></collectionIdentifier><collectionName>University of Florida Herbarium</collectionName><resourceLogoUrl>https://lichenportal.org/cnalh/content/collicon/flas.jpg</resourceLogoUrl><onlineUrl>http://www.flmnh.ufl.edu/herbarium/</onlineUrl><intellectualRights>http://creativecommons.org/licenses/by-nc/3.0/</intellectualRights><associatedParty><individualName>Kent Perkins, Collection Manager</individualName><electronicMailAddress>herb@flmnh.ufl.edu</electronicMailAddress></associatedParty><abstract><para>The University of Florida Herbarium is a unit of the Department of Natural History of the Florida Museum of Natural History. The herbarium is affiliated with the Institute of Food and Agricultural Sciences, Florida Agricultural Experiment Station, Florida Cooperative Extension Service, Department of Biology and the Department of Plant Pathology. The FLAS acronym is the standard international abbreviation for the University of Florida Herbarium. It is derived from the herbarium's early association with the Florida Agricultural Experiment Station. Our mission focuses in plant collections acquisition and care, research based on the collections, education and public service.</para></abstract></collection><collection identifier="6635c492-88f9-4eb6-a33c-076dfbfe8cd1" id="36"><alternateIdentifier>https://lichenportal.org/cnalh/collections/misc/collprofiles.php?collid=36</alternateIdentifier><parentCollectionIdentifier>UC</parentCollectionIdentifier><collectionIdentifier></collectionIdentifier><collectionName>University Herbarium, University of California, Berkeley</collectionName><resourceLogoUrl>https://lichenportal.org/cnalh/content/collicon/uc.png</resourceLogoUrl><onlineUrl>http://ucjeps.berkeley.edu/</onlineUrl><intellectualRights>http://creativecommons.org/licenses/by-nc/3.0/</intellectualRights><abstract></abstract><associatedParty><individualName>Margriet Wetherwax</individualName><electronicMailAddress>margriet@berkeley.edu</electronicMailAddress></associatedParty></collection><collection identifier="277e00e1-6282-4ebb-a164-1733d04c99fc" id="37"><alternateIdentifier>https://lichenportal.org/cnalh/collections/misc/collprofiles.php?collid=37</alternateIdentifier><parentCollectionIdentifier>LSU</parentCollectionIdentifier><collectionIdentifier>Lichens</collectionIdentifier><collectionName>Shirley C. Tucker Herbarium at Louisiana State University</collectionName><resourceLogoUrl>https://lichenportal.org/cnalh/content/collicon/lsu.jpg</resourceLogoUrl><onlineUrl>http://www.herbarium.lsu.edu/</onlineUrl><intellectualRights>http://creativecommons.org/licenses/by-nc/3.0/</intellectualRights><associatedParty><individualName>Jennifer S. Kluse, Collections Manager</individualName><electronicMailAddress>jkluse@lsu.edu</electronicMailAddress></associatedParty><abstract><para>Shirley C. Tucker Herbarium at Louisiana State University, Lichen Collection: ca. 44,000 specimens, particularly from Louisiana, California, throughout North America, and worldwide. Created largely through exchange and collections by Shirley C. Tucker.</para></abstract></collection><collection identifier="a0bd87af-9a18-4ab0-a83c-3fb21b44f8f3" id="38"><alternateIdentifier>https://lichenportal.org/cnalh/collections/misc/collprofiles.php?collid=38</alternateIdentifier><parentCollectionIdentifier>OS</parentCollectionIdentifier><collectionIdentifier></collectionIdentifier><collectionName>Ohio State University Herbarium</collectionName><resourceLogoUrl>https://lichenportal.org/cnalh/content/collicon/logo-tosusquare-flat.png</resourceLogoUrl><onlineUrl>http://herbarium.osu.edu/</onlineUrl><intellectualRights>http://creativecommons.org/licenses/by-nc/3.0/</intellectualRights><associatedParty><individualName>John V. Freudenstein, Director</individualName><electronicMailAddress>freudenstein.1@osu.edu</electronicMailAddress></associatedParty><abstract><para>The Ohio State University Herbarium (OS) is a major collection of plant and fungal specimens and is a unit of the Department of Evolution, Ecology and Organismal Biology. We are part of OSU's Museum of Biological Diversity. Since its founding in 1891, the collection has grown to approximately half a million specimens and has worldwide coverage, with strengths in flora of the northeastern United States (especially Ohio) and in temperate South America. The Herbarium supports research and teaching at OSU and receives frequent use by researchers from other academic institutions, as well as by staff from governmental agencies such as the Ohio Department of Natural Resources.</para></abstract></collection><collection identifier="41350160-ae9d-4102-929d-be342457c1af" id="39"><alternateIdentifier>https://lichenportal.org/cnalh/collections/misc/collprofiles.php?collid=39</alternateIdentifier><parentCollectionIdentifier>VT</parentCollectionIdentifier><collectionIdentifier></collectionIdentifier><collectionName>University of Vermont, Pringle Herbarium, North American lichens</collectionName><resourceLogoUrl>https://lichenportal.org/cnalh/content/collicon/vt.gif</resourceLogoUrl><onlineUrl>http://www.uvm.edu/~plantbio/pringle/</onlineUrl><intellectualRights>http://creativecommons.org/licenses/by-nc/3.0/</intellectualRights><additionalInfo>University of Vermont</additionalInfo><associatedParty><individualName>Michael Sundue</individualName><electronicMailAddress>sundue@gmail.com</electronicMailAddress></associatedParty><abstract><para>The Pringle Herbarium (VT) contains 300,000 specimens, including vascular plants, bryophytes, lichens, algae and fungi. Of these, this portal contains about 5100 lichen specimens, including all of our North American specimens. Other digitization projects cover type specimens, vascular plant specimens, North American bryophytes, macroalgae and macrofungi. These images and data are available through various portals. The herbarium does not maintain its own online database.</para></abstract></collection><collection identifier="urn:lsid:biocol.org:col:13199" id="40"><alternateIdentifier>https://lichenportal.org/cnalh/collections/misc/collprofiles.php?collid=40</alternateIdentifier><parentCollectionIdentifier>FH</parentCollectionIdentifier><collectionIdentifier></collectionIdentifier><collectionName>Farlow Herbarium of Cryptogamic Botany, Harvard University</collectionName><resourceLogoUrl>https://lichenportal.org/cnalh/content/collicon/fh.png</resourceLogoUrl><onlineUrl>http://www.huh.harvard.edu/collections/farlow.html</onlineUrl><intellectualRights>http://creativecommons.org/publicdomain/zero/1.0/</intellectualRights><additionalInfo>President and Fellows of Harvard College</additionalInfo><associatedParty><individualName>Michaela Schmull</individualName><electronicMailAddress>mschmull@oeb.harvard.edu</electronicMailAddress></associatedParty><abstract><para>The Farlow Herbarium houses nearly 1,400,000 specimens of lichenized and non-lichenized fungi, bryophytes, and algae. The collections are world-wide in scope; particular strengths are in bound, indexed exsiccatae, bryophytes and fungi from Asia, entomogenous fungi, Antarctic lichens, and special "authors" herbaria which contain many type specimens.</para></abstract></collection><collection identifier="ef6d1fd7-8440-4e2d-bccf-85feddb1c08c" id="41"><alternateIdentifier>https://lichenportal.org/cnalh/collections/misc/collprofiles.php?collid=41</alternateIdentifier><parentCollectionIdentifier>COLO</parentCollectionIdentifier><collectionIdentifier>L</collectionIdentifier><collectionName>University of Colorado, Museum of Natural History Herbarium Lichen Collection</collectionName><resourceLogoUrl>https://lichenportal.org/cnalh/content/collicon/COLO.jpg</resourceLogoUrl><onlineUrl>http://cumuseum.colorado.edu/Research/Botany/</onlineUrl><intellectualRights>http://creativecommons.org/licenses/by-nc/3.0/</intellectualRights><associatedParty><individualName>J Ryan Allen</individualName><electronicMailAddress>james.r.allen@Colorado.EDU</electronicMailAddress></associatedParty><abstract><para>Herbarium COLO is the Botany Section of the University of Colorado Museum of Natural History on the Boulder campus. The Herbarium is available to anyone with an interest in botany. Users include faculty and students, visiting scholars, private consultants, local naturalists, and botanists from a variety of public and private agencies. &lt;p&gt; This dataset contains the North American portion of COLO Lichen collection. Approximately 50,000 specimens from the rest of the world have not been digitized. &lt;p&gt; No work has been done to georeference this collection. Any coordinates provided are from the collector's label and have not been verified.&lt;p&gt; Collection strengths: Colorado, Southern Rocky Mountains and Western North American vascular plants and cryptogams, worldwide arctic and alpine, Appalachia, Galapagos Lichens, Australia, New Guinea, Altai, Mexico and the Seville Flowers Bryophyte Collection.</para></abstract></collection><collection identifier="a9e71687-1bca-41c4-9efb-0290e859b9d5" id="42"><alternateIdentifier>https://lichenportal.org/cnalh/collections/misc/collprofiles.php?collid=42</alternateIdentifier><parentCollectionIdentifier>MONT</parentCollectionIdentifier><collectionIdentifier></collectionIdentifier><collectionName>Montana State University Herbarium</collectionName><resourceLogoUrl>https://lichenportal.org/cnalh/content/collicon/Mont-Logo.jpg</resourceLogoUrl><onlineUrl>http://www.montana.edu/mlavin/herb/herb1.htm</onlineUrl><intellectualRights>http://creativecommons.org/licenses/by-nc/3.0/</intellectualRights><abstract></abstract><associatedParty><individualName>Cathy Cripps, Associate Professor</individualName><electronicMailAddress>ccripps@montana.edu</electronicMailAddress></associatedParty></collection><collection identifier="5d81dde7-bd67-4c2d-88d3-b37d8ae62e51" id="44"><alternateIdentifier>https://lichenportal.org/cnalh/collections/misc/collprofiles.php?collid=44</alternateIdentifier><parentCollectionIdentifier>KANU</parentCollectionIdentifier><collectionIdentifier></collectionIdentifier><collectionName>University of Kansas Ronald L. McGregor Herbarium</collectionName><resourceLogoUrl>https://lichenportal.org/cnalh/content/collicon/KU_BI-logo-small.jpg</resourceLogoUrl><onlineUrl>https://biodiversity.ku.edu/botany</onlineUrl><intellectualRights>http://creativecommons.org/licenses/by-nc/4.0/</intellectualRights><additionalInfo>http://creativecommons.org/licenses/by/4.0/deed.en_US</additionalInfo><associatedParty><individualName>Caleb A. Morse, collection manager</individualName><electronicMailAddress>cmorse@ku.edu</electronicMailAddress></associatedParty><abstract><para>Housing approximately 440,000 specimens-including 382,000 vascular plant specimens, 35,000 lichens, and smaller holdings of bryophytes and non-lichenized fungi-the R. L. McGregor Herbarium (KANU) is dedicated to the study of the flora of the Great Plains, the grassland biome of central North America. The greater part of vascular plant and lichen specimens deposited in KANU represent the flora of the Great Plains and herbarium staff is involved in taxonomic and floristic studies of the region. Our goal is to expand our understanding of past and current botanical diversity of the Great Plains and to preserve this knowledge for the future.</para></abstract></collection><collection identifier="f05bb6bc-1bc4-42af-aed1-24ff09e264d5" id="46"><alternateIdentifier>https://lichenportal.org/cnalh/collections/misc/collprofiles.php?collid=46</alternateIdentifier><parentCollectionIdentifier>CUP</parentCollectionIdentifier><collectionIdentifier></collectionIdentifier><collectionName>Cornell University Plant Pathology Herbarium</collectionName><resourceLogoUrl>https://lichenportal.org/cnalh/content/collicon/cup.jpg</resourceLogoUrl><onlineUrl>http://www.plantpath.cornell.edu/CUPpages/</onlineUrl><intellectualRights>http://creativecommons.org/licenses/by-nc/3.0/</intellectualRights><additionalInfo>Cornell Plant Pathology Herbarium</additionalInfo><associatedParty><individualName>Teresa Iturriaga</individualName><electronicMailAddress>cup-herbarium@cornell.edu</electronicMailAddress></associatedParty><abstract><para>CUP's Lichen Herbarium contains historical and recent, local and worldwide lichens, totaling about 10,000 specimens.</para></abstract></collection><collection identifier="5d97e489-2887-4f67-adca-4840a7f4d0bb" id="47"><alternateIdentifier>https://lichenportal.org/cnalh/collections/misc/collprofiles.php?collid=47</alternateIdentifier><parentCollectionIdentifier>CHRB</parentCollectionIdentifier><collectionIdentifier></collectionIdentifier><collectionName>Rutgers University, Chrysler Herbarium - Lichen Collection</collectionName><resourceLogoUrl>https://lichenportal.org/cnalh/content/collicon/ru_logo.gif</resourceLogoUrl><onlineUrl>http://herbarium.rutgers.edu/</onlineUrl><intellectualRights>http://creativecommons.org/licenses/by-nc/3.0/</intellectualRights><additionalInfo>Rutgers University</additionalInfo><associatedParty><individualName>Lena Struwe.- Director</individualName><electronicMailAddress>lena.struwe@rutgers.edu</electronicMailAddress></associatedParty><abstract><para>The Chrysler Herbarium is the last internationally recognized herbarium still in existence in the state of New Jersey. Approximately 120,000 plant, algal, moss and lichen specimens are arranged and catalogued systematically. The collection is world-wide in scope, with an emphasis on New Jersey.</para></abstract></collection><collection identifier="36ea544b-df08-4f21-80e5-dd1c0bdc39c6" id="48"><alternateIdentifier>https://lichenportal.org/cnalh/collections/misc/collprofiles.php?collid=48</alternateIdentifier><parentCollectionIdentifier>MOR</parentCollectionIdentifier><collectionIdentifier></collectionIdentifier><collectionName>Morton Arboretum</collectionName><resourceLogoUrl>https://lichenportal.org/cnalh/content/collicon/maple_tree_fall.jpg</resourceLogoUrl><onlineUrl>http://www.mortonarb.org/</onlineUrl><intellectualRights>http://creativecommons.org/licenses/by-nc/3.0/</intellectualRights><associatedParty><individualName>Andrew Hipp</individualName><electronicMailAddress>Ahipp@mortonarb.org</electronicMailAddress></associatedParty><abstract><para>The Morton Arboretum is an internationally recognized nonprofit organization dedicated to the planting and conservation of trees. Its 1,700 acres hold more than 222,000 live plants representing nearly 4,300 taxa from around the world.</para></abstract></collection><collection identifier="d0504148-72c7-4153-9a44-2750fd550437" id="51"><alternateIdentifier>https://lichenportal.org/cnalh/collections/misc/collprofiles.php?collid=51</alternateIdentifier><parentCollectionIdentifier>ALA</parentCollectionIdentifier><collectionIdentifier></collectionIdentifier><collectionName>University of Alaska Museum of the North Herbarium</collectionName><resourceLogoUrl>https://lichenportal.org/cnalh/content/collicon/ALA.jpg</resourceLogoUrl><onlineUrl>http://www.uaf.edu/museum/collections/herb/</onlineUrl><intellectualRights>http://creativecommons.org/licenses/by-nc/3.0/</intellectualRights><associatedParty><individualName>Steffi M. Ickert-Bond, Curator</individualName><electronicMailAddress>smickertbond@alaska.edu</electronicMailAddress></associatedParty><abstract><para>The Herbarium (ALA) contains more than 220,000 specimens of non-vascular and vascular plants and is the only major research herbarium in Alaska. The collection also includes plants from other states, Canada, Greenland, Fennoscandia, Japan, and Russia and provides a basis for teaching and research.</para></abstract></collection><collection identifier="0dcd0899-9713-4d6b-91b3-d59a565e1a6d" id="52"><alternateIdentifier>https://lichenportal.org/cnalh/collections/misc/collprofiles.php?collid=52</alternateIdentifier><parentCollectionIdentifier>NEB</parentCollectionIdentifier><collectionIdentifier></collectionIdentifier><collectionName>University of Nebraska State Museum, C.E. Bessey Herbarium</collectionName><resourceLogoUrl>https://lichenportal.org/cnalh/content/collicon/NEB.gif</resourceLogoUrl><onlineUrl>http://www-museum.unl.edu/research/botany/botany.html</onlineUrl><intellectualRights>http://creativecommons.org/licenses/by-nc/3.0/</intellectualRights><associatedParty><individualName>Thomas Labedz</individualName><electronicMailAddress>TLabedz1@unl.edu</electronicMailAddress></associatedParty><abstract><para>The Bessey Herbarium was founded in 1874, making it among the oldest in the Great Plains states of Colorado, Kansas, Montana, North Dakota, and Nebraska. The collection has more than 310,000 specimens, placing it among the largest in the Great Plains. The largest parts of the collection are, in descending order, from Nebraska, the Great Plains, the Rocky Mountains, other parts of North America, and Europe. It contains important collections by such scientifically notable Nebraskans as Charles Bessey, Ernst Bessey, Frederic Clements, Walter Kiener, Per Rydberg, Raymond Pool, Jared G. Smith; by other Nebraskans who later became prominent in other fields, such as Roscoe Pound (Law), Louise Pound (Literature), Willa Cather (Literature), Melvin Gilmore (Ethnobotany), Lawrence Bruner (Entomology) and Henry Baldwin Ward (Parasitology); and by many prominent scientists from outside the state.</para></abstract></collection><collection identifier="313e6816-648d-4573-8c04-281214bf8e72" id="53"><alternateIdentifier>https://lichenportal.org/cnalh/collections/misc/collprofiles.php?collid=53</alternateIdentifier><parentCollectionIdentifier>WVA</parentCollectionIdentifier><collectionIdentifier></collectionIdentifier><collectionName>West Virginia University Herbarium</collectionName><resourceLogoUrl>https://lichenportal.org/cnalh/content/collicon/WVA.png</resourceLogoUrl><onlineUrl>http://biology.wvu.edu/facilities/herbarium</onlineUrl><intellectualRights>http://creativecommons.org/licenses/by-nc/3.0/</intellectualRights><associatedParty><individualName>Donna Ford-Werntz, Curator</individualName><electronicMailAddress>dford2@wvu.edu</electronicMailAddress></associatedParty><abstract><para>The West Virginia University Herbarium, the largest such facility in the state, contains about 185,000 mounted and cataloged vascular plant specimens and approximately 26,000 bryophyte and lichen specimens. The collection was started in 1889 and has steadily increased since then. It is designated a National Resource Collection and contains the best collection in the world of West Virginia and Central Appalachian vascular plants. In addition there are over 25,000 color photographic slides that comprise the Earl L. Core Botanical Slide Collection and over 2,000 seed collections in the Elizabeth A. Bartholomew Seed Collection.</para></abstract></collection><collection identifier="824dbc9f-eb49-4527-9aac-de10dff8d9a9" id="54"><alternateIdentifier>https://lichenportal.org/cnalh/collections/misc/collprofiles.php?collid=54</alternateIdentifier><parentCollectionIdentifier>MAINE</parentCollectionIdentifier><collectionIdentifier></collectionIdentifier><collectionName>University of Maine Herbaria</collectionName><resourceLogoUrl>https://lichenportal.org/cnalh/content/collicon/MAINE.png</resourceLogoUrl><onlineUrl>http://herbaria.umaine.edu/</onlineUrl><intellectualRights>http://creativecommons.org/licenses/by-nc/3.0/</intellectualRights><associatedParty><individualName>Christopher Campbell, Director</individualName><electronicMailAddress>campbell@maine.edu</electronicMailAddress></associatedParty><abstract><para>The University of Maine Herbaria are organized, identified collections of authentic specimens of primarily Maine plants and fungi. The University of Maine Herbaria are located in Hannibal Hamlin Hall on the campus of the University of Maine. The mission of the University of Maine Herbaria includes research, teaching, and service to the public, the State of Maine, plus professional and amateur botanists.</para></abstract></collection><collection identifier="510f8540-a0a0-4bd6-82bb-22a7431670d4" id="57"><alternateIdentifier>https://lichenportal.org/cnalh/collections/misc/collprofiles.php?collid=57</alternateIdentifier><parentCollectionIdentifier>FTU</parentCollectionIdentifier><collectionIdentifier></collectionIdentifier><collectionName>University of Central Florida Herbarium</collectionName><resourceLogoUrl>https://lichenportal.org/cnalh/content/collicon/Arboretum.png</resourceLogoUrl><onlineUrl>http://arboretum.ucf.edu/programs/herbarium/</onlineUrl><intellectualRights>http://creativecommons.org/licenses/by-nc/3.0/</intellectualRights><associatedParty><individualName>Patrick Bohlen, Director</individualName><electronicMailAddress>patrick.bohlen@ucf.edu</electronicMailAddress></associatedParty><abstract><para>Established by President Trevor Colbourn in 1983, the UCF Arboretum began with approximately 12 acres (4.9 ha) of a disturbed pond pine (Pinus serotina) community just east side of the developed area of campus, and east of the present biology building. In 1988, at President Altmans direction, the University expanded the Arboretum to include a 5-acre (2.0 ha) Cypress dome, an oak hammock of about 3 acres (1.2 ha), and about 15 acres (6.1 ha) of sand pine and Florida scrub, connected to the original Arboretum by a saw palmetto (Sabal palmetto) community and increasingly rare Florida longleaf pine (Pinus palustris) flatwoods. Currently, the official Arboretum Boundary encompasses approximately 82 acres (33.2 ha). The original Arboretum director was Dr. Henry O. Whittier, a professor in the Biology Department who remained director until his retirement 2003. Dr. Martin Quigley was director from 2003-2009.</para></abstract></collection><collection identifier="53d106d9-2fa4-4587-b060-93ce952c612b" id="58"><alternateIdentifier>https://lichenportal.org/cnalh/collections/misc/collprofiles.php?collid=58</alternateIdentifier><parentCollectionIdentifier>USF</parentCollectionIdentifier><collectionIdentifier></collectionIdentifier><collectionName>University of South Florida Herbarium</collectionName><resourceLogoUrl>https://lichenportal.org/cnalh/content/collicon/USF.jpg</resourceLogoUrl><onlineUrl>http://florida.plantatlas.usf.edu</onlineUrl><intellectualRights>http://creativecommons.org/licenses/by-nc/3.0/</intellectualRights><associatedParty><individualName>Alan R. Franck, Ph.D., Curator</individualName><electronicMailAddress>afranck@mail.usf.edu</electronicMailAddress></associatedParty><abstract><para>The USF Herbarium, with nearly 270,000 specimens, is the second largest collection in Florida, the seventh largest in the southeastern United States, and ranks in the upper third of the world's herbaria in size.</para></abstract></collection><collection identifier="8f07e9fb-8d26-49c1-8ce4-de648c7e7c0a" id="59"><alternateIdentifier>https://lichenportal.org/cnalh/collections/misc/collprofiles.php?collid=59</alternateIdentifier><parentCollectionIdentifier>hb. Esslinger</parentCollectionIdentifier><collectionIdentifier></collectionIdentifier><collectionName>Private Herbarium of T. L. Esslinger Herbarium</collectionName><resourceLogoUrl>https://lichenportal.org/cnalh/content/collicon/TLE.jpg</resourceLogoUrl><onlineUrl>http://www.ndsu.edu/pubweb/~esslinge/chcklst/chcklst7.htm</onlineUrl><intellectualRights>http://creativecommons.org/licenses/by-nc/3.0/</intellectualRights><associatedParty><individualName>T. L. Esslinger</individualName><electronicMailAddress>ted.esslinger@ndsu.edu</electronicMailAddress></associatedParty><abstract><para>T. L. Esslinger's private collection.</para></abstract></collection><collection identifier="a130a07a-5969-412c-96e3-d4cd3ef3541b" id="60"><alternateIdentifier>https://lichenportal.org/cnalh/collections/misc/collprofiles.php?collid=60</alternateIdentifier><parentCollectionIdentifier>ILL</parentCollectionIdentifier><collectionIdentifier></collectionIdentifier><collectionName>University of Illinois Herbarium</collectionName><resourceLogoUrl>https://lichenportal.org/cnalh/content/collicon/ill.jpg</resourceLogoUrl><onlineUrl></onlineUrl><intellectualRights>http://creativecommons.org/licenses/by-nc/3.0/</intellectualRights><associatedParty><individualName>Andrew Miller</individualName><electronicMailAddress>amiller7@illinois.edu</electronicMailAddress></associatedParty><abstract><para>&lt;b&gt;Specialty:&lt;/b&gt; Illinois, midwestern U.S., Apiaceae, Asteraceae, Fabaceae: Mimosoideas, fossils of Pennsylvanian age coal balls, fungi (especially Meliolales: Ascomycetes and resupinate Basidiomycetes), 19th and early 20th century exsiccatae.&lt;br/&gt;&lt;br/&gt; &lt;b&gt;Date Founded:&lt;/b&gt; 1869.</para></abstract></collection><collection identifier="bf89bc9d-040e-48e5-938a-dc8ad51f5b40" id="62"><alternateIdentifier>https://lichenportal.org/cnalh/collections/misc/collprofiles.php?collid=62</alternateIdentifier><parentCollectionIdentifier>CAS</parentCollectionIdentifier><collectionIdentifier></collectionIdentifier><collectionName>California Academy of Sciences</collectionName><resourceLogoUrl>https://lichenportal.org/cnalh/content/collicon/CAS.jpg</resourceLogoUrl><onlineUrl>http://research.calacademy.org/botany/collections</onlineUrl><intellectualRights>http://creativecommons.org/licenses/by-nc/3.0/</intellectualRights><associatedParty><individualName>Debra Trock, Collections Manager, Herbarium</individualName><electronicMailAddress>dtrock@calacademy.org</electronicMailAddress></associatedParty><abstract><para>The herbarium of the California Academy of Sciences (CAS) is the largest collection of vascular plants in the western U.S. It is the sixth largest collection in the United States. Together with the Herbarium of the University of California at Berkeley (UC) the San Francisco Bay area is regarded as a National Resource Center for systematic botany. These two major collections have an informal agreement to avoid duplication, thus providing botanists with a rich and varied resource for research.</para></abstract></collection><collection identifier="4e47dff6-4ad7-432b-86bc-a71f70d2ae05" id="64"><alternateIdentifier>https://lichenportal.org/cnalh/collections/misc/collprofiles.php?collid=64</alternateIdentifier><parentCollectionIdentifier>UWEC</parentCollectionIdentifier><collectionIdentifier></collectionIdentifier><collectionName>University of Wisconsin - Eau Claire</collectionName><resourceLogoUrl>https://lichenportal.org/cnalh/content/collicon/UWEC.gif</resourceLogoUrl><onlineUrl>http://www.uwec.edu/Biology/about/facilities.htm</onlineUrl><intellectualRights>http://creativecommons.org/licenses/by-nc/3.0/</intellectualRights><associatedParty><individualName>Joseph Rohrer, Curator</individualName><electronicMailAddress>jrohrer@uwec.edu</electronicMailAddress></associatedParty><abstract><para>The UWEC Herbarium contains over 10,000 specimens, mostly from west-central Wisconsin.</para></abstract></collection><collection identifier="51528869-77ce-491b-a42a-9e8b0a57d108" id="65"><alternateIdentifier>https://lichenportal.org/cnalh/collections/misc/collprofiles.php?collid=65</alternateIdentifier><parentCollectionIdentifier>YPM</parentCollectionIdentifier><collectionIdentifier>YU</collectionIdentifier><collectionName>Yale University Herbarium, Peabody Museum of Natural History</collectionName><resourceLogoUrl>https://lichenportal.org/cnalh/content/collicon/YALE.gif</resourceLogoUrl><onlineUrl>http://peabody.yale.edu/collections/botany</onlineUrl><intellectualRights>http://creativecommons.org/publicdomain/zero/1.0/</intellectualRights><additionalInfo>Yale Peabody Museum of Natural History</additionalInfo><associatedParty><individualName>Patrick Sweeney, PhD</individualName><electronicMailAddress>patrick.sweeney@yale.edu</electronicMailAddress></associatedParty><abstract><para>Founded in 1864 by Daniel Cady Eaton from his personal library and plant collection, the Yale Herbarium is an internationally recognized repository with holdings of approximately 350,000 specimens from throughout the world. There are an estimated 3,000 type specimens. The collection is particularly rich in ferns, bryophytes and grasses, as well as in historically important materials from early botanical collectors. In addition, it was the herbarium of record for the flora of southern New England from 1864 until 1955, when that function passed to the University of Connecticut at Storrs.</para></abstract></collection><collection identifier="7ccfede3-a948-4990-85fe-7ca66677f6c4" id="66"><alternateIdentifier>https://lichenportal.org/cnalh/collections/misc/collprofiles.php?collid=66</alternateIdentifier><parentCollectionIdentifier>UWSP</parentCollectionIdentifier><collectionIdentifier></collectionIdentifier><collectionName>Robert W. Freckmann Herbarium at the University of Wisconsin, Stevens Point</collectionName><resourceLogoUrl>https://lichenportal.org/cnalh/content/collicon/UWSP.jpg</resourceLogoUrl><onlineUrl>http://wisplants.uwsp.edu/index.html</onlineUrl><intellectualRights>http://creativecommons.org/licenses/by-nc/3.0/</intellectualRights><associatedParty><individualName>Mary Bartkowiak</individualName><electronicMailAddress>Mary.Bartkowiak@uwsp.edu</electronicMailAddress></associatedParty><abstract><para>Dr. Robert Freckmann, Professor Emeritus of Biology, taught vascular plant taxonomy and agrostology at UW-Stevens Point for 32 years. Starting with one cabinet of about 1,000 plant specimens in 1969, he (and Dr. Frank W. Bowers) built this herbarium into the 3rd largest in Wisconsin, with over 200,000 specimens. It was named in his honor upon his retirement.</para></abstract></collection><collection identifier="c7301f00-32af-42fc-a74e-c8a08e02d7cb" id="68"><alternateIdentifier>https://lichenportal.org/cnalh/collections/misc/collprofiles.php?collid=68</alternateIdentifier><parentCollectionIdentifier>NDA</parentCollectionIdentifier><collectionIdentifier></collectionIdentifier><collectionName>Lichen Collection of the North Dakota State University Herbarium</collectionName><resourceLogoUrl>https://lichenportal.org/cnalh/content/collicon/NDA.jpg</resourceLogoUrl><onlineUrl></onlineUrl><intellectualRights>http://creativecommons.org/licenses/by-nc/3.0/</intellectualRights><associatedParty><individualName>Caleb A. Morse</individualName><electronicMailAddress>cmorse@ku.edu</electronicMailAddress></associatedParty><abstract><para>Please note: The NDA Lichen Collection of the North Dakota State University Herbarium was recently transferred to the University of Kansas Ronald L. McGregor Herbarium (KANU); please contact the KANU collection manager Morse, Caleb A. (cmorse@ku.edu) for more details. Thank you!</para></abstract></collection><collection identifier="52f03e72-c16a-44f7-9fb7-66f0ed5d518d" id="72"><alternateIdentifier>https://lichenportal.org/cnalh/collections/misc/collprofiles.php?collid=72</alternateIdentifier><parentCollectionIdentifier>MU</parentCollectionIdentifier><collectionIdentifier></collectionIdentifier><collectionName>Willard Sherman Turrell Herbarium, Miami University</collectionName><resourceLogoUrl>https://lichenportal.org/cnalh/content/collicon/MU.jpg</resourceLogoUrl><onlineUrl>http://herbarium.muohio.edu/herbariummu</onlineUrl><intellectualRights>http://creativecommons.org/licenses/by-nc/3.0/</intellectualRights><associatedParty><individualName>Michael Vincent, Curator</individualName><electronicMailAddress>vincenma@miamioh.edu</electronicMailAddress></associatedParty><abstract><para>Miami University is the home of Ohio's largest herbarium, the Willard Sherman Turrell Herbarium. The herbarium's holdings of approximately 620,000 specimens are worldwide in both geographical and taxonomic coverage. The collection consists of 330,000 vascular plant specimens, as well as 140,000 bryophytes, 100,000 fungi, 35,000 lichens, 10,000 algae, and 5,000 fossil plants. There are several thousand type specimens contained in the collection, as well as many sets of cryptogamic exsiccatae. Active exchange programs are ongoing with many herbaria worldwide to ensure the continued breadth and depth of the collection. The W.S. Turrell Herbarium Fund is an endowment which benefits the herbarium, and is restricted to support of the research activities of the staff and students in systematic botany.</para></abstract></collection><collection identifier="a04db2bc-1f9f-4e1b-b655-456a8ff1ead2" id="73"><alternateIdentifier>https://lichenportal.org/cnalh/collections/misc/collprofiles.php?collid=73</alternateIdentifier><parentCollectionIdentifier>CINC</parentCollectionIdentifier><collectionIdentifier></collectionIdentifier><collectionName>University of Cincinnati, Margaret H. Fulford Herbarium</collectionName><resourceLogoUrl>https://lichenportal.org/cnalh/content/collicon/CINC.jpg</resourceLogoUrl><onlineUrl>http://www.artsci.uc.edu/departments/biology/research/Herbarium/default.html</onlineUrl><intellectualRights>http://creativecommons.org/licenses/by-nc/3.0/</intellectualRights><associatedParty><individualName>Eric Tepe, Adjunct Assistant Professor</individualName><electronicMailAddress>eric.tepe@uc.edu</electronicMailAddress></associatedParty><abstract><para>The herbarium at the University of Cincinnati was founded by Margaret Fulford in 1920s and has grown over the years through the work of prolific collectors and through acquisition of several large and important collections. Today, the herbarium houses around 125,000 specimens of vascular plants, bryophytes, lichens, fungi, and algae, making it the third largest herbarium in Ohio. In addition to the large collection of regional and North American material, it also contains extensive collections from Europe, South America, the Caribbean Basin, Samoa, and China. Particular strengths of the herbarium are North American Sphagnum, South American and Caribbean Hepatics, North American Cladonia, and Trilliaceae.</para></abstract></collection><collection identifier="44dd578c-3d94-49b6-a9da-1cec052653c4" id="74"><alternateIdentifier>https://lichenportal.org/cnalh/collections/misc/collprofiles.php?collid=74</alternateIdentifier><parentCollectionIdentifier>BRIT</parentCollectionIdentifier><collectionIdentifier></collectionIdentifier><collectionName>Botanical Research Institute of Texas</collectionName><resourceLogoUrl>https://lichenportal.org/cnalh/content/collicon/brit.png</resourceLogoUrl><onlineUrl>http://www.brit.org/herbarium</onlineUrl><intellectualRights>http://creativecommons.org/licenses/by-nc/3.0/</intellectualRights><associatedParty><individualName>Tiana Franklin Rehman, Collection Manager</individualName><electronicMailAddress>trehman@brit.org</electronicMailAddress></associatedParty><abstract><para>Over one million plant specimens are housed in the BRIT Herbarium (the combined BRIT-SMU and VDB collections), making this the largest independent herbarium in the southeastern US. The herbarium has strengths in the plants of Texas, Oklahoma, Arkansas, Tennessee, the Gulf Coast, and the southeastern United States. However, these collections are worldwide in scope, and most of the Earths plant families are represented here. Two of our current research projects, one in Peru and one in Papua New Guinea, have greatly expanded the scope of our collection of tropical specimens.</para></abstract></collection><collection identifier="19f31269-92d2-4094-9115-da829b2e6c0c" id="75"><alternateIdentifier>https://lichenportal.org/cnalh/collections/misc/collprofiles.php?collid=75</alternateIdentifier><parentCollectionIdentifier>MCTC</parentCollectionIdentifier><collectionIdentifier></collectionIdentifier><collectionName>Cryptogamic Herbarium, Michigan Technological University</collectionName><resourceLogoUrl>https://lichenportal.org/cnalh/content/collicon/MCTC.jpg</resourceLogoUrl><onlineUrl></onlineUrl><intellectualRights>http://creativecommons.org/licenses/by-nc/3.0/</intellectualRights><associatedParty><individualName>Travis Wakeham</individualName><electronicMailAddress>twakeham@mtu.edu</electronicMailAddress></associatedParty><abstract><para>Specialty: Michigan, especially Keweenaw Peninsula and Isle Royale; lichens.</para></abstract></collection><collection identifier="2b41e484-0e38-49df-93c6-6d13bc835a77" id="77"><alternateIdentifier>https://lichenportal.org/cnalh/collections/misc/collprofiles.php?collid=77</alternateIdentifier><parentCollectionIdentifier>WWB</parentCollectionIdentifier><collectionIdentifier></collectionIdentifier><collectionName>Pacific Northwest Herbarium, Western Washington University</collectionName><resourceLogoUrl>https://lichenportal.org/cnalh/content/collicon/WWB.jpg</resourceLogoUrl><onlineUrl>http://myweb.facstaff.wwu.edu/~dechaie/herbarium.html</onlineUrl><intellectualRights>http://creativecommons.org/licenses/by-nc/3.0/</intellectualRights><associatedParty><individualName>Eric DeChaine, Curator</individualName><electronicMailAddress>eric.dechaine@wwu.edu</electronicMailAddress></associatedParty><abstract><para>The mission of the Pacific Northwest Herbarium (WWB) at Western Washington University is to archive and make accessible correctly identified botanical specimens, with an emphasis on those inhabiting the Pacific Northwest. Because a large part of our aim is to share this repository of botanical information, we have an open door policy with scientists, students, and the greater community. As such, the herbarium is an excellent resource for anyone interested in botany and mycology of the Pacific Northwest. Our entire vascular plant collection is now available online through the Consortium of Pacific Northwest Herbaria.</para></abstract></collection><collection identifier="5dfc74e1-8ce8-49b3-9726-581231ee701e" id="82"><alternateIdentifier>https://lichenportal.org/cnalh/collections/misc/collprofiles.php?collid=82</alternateIdentifier><parentCollectionIdentifier>O</parentCollectionIdentifier><collectionIdentifier></collectionIdentifier><collectionName>Natural History Museum, University of Oslo</collectionName><resourceLogoUrl>https://lichenportal.org/cnalh/content/collicon/O.gif</resourceLogoUrl><onlineUrl>http://nhm2.uio.no/lichens</onlineUrl><intellectualRights>http://creativecommons.org/licenses/by-nc/3.0/</intellectualRights><associatedParty><individualName>Einar Timdal, curator of lichens</individualName><electronicMailAddress>einar.timdal@nhm.uio.no</electronicMailAddress></associatedParty><abstract><para>The collection consists of about 350,000 lichen specimens. We have important collections from Norway (120,000, fully computerized), Iceland, the Arctic (especially Greenland, Jan Mayen, Bear Island, Svalbard, and Novaya Zemlya), Macaronesia, and East Africa (especially Ethiopia, Kenya, Tanzania, and Uganda). The material includes, e.g., the collections of Mathias Numsen Blytt (1789-1862), Søren Christian Sommerfelt (1794-1838), Niels Green Moe (1812-1892), Johannes Musæus Norman (1823-1903; part), Bernt Lynge (1884-1942), Eilif Dahl (1916-1993), and Hildur Krog (1922-2014). So far about 1,500 lichen types have been identified.</para></abstract></collection><collection identifier="850637f1-f750-4ecb-aab8-c677a83ac32d" id="83"><alternateIdentifier>https://lichenportal.org/cnalh/collections/misc/collprofiles.php?collid=83</alternateIdentifier><parentCollectionIdentifier>BG</parentCollectionIdentifier><collectionIdentifier></collectionIdentifier><collectionName>University Museum of Bergen</collectionName><resourceLogoUrl>https://lichenportal.org/cnalh/content/collicon/BG.jpg</resourceLogoUrl><onlineUrl>http://www.uib.no/en/universitymuseum</onlineUrl><intellectualRights>http://creativecommons.org/licenses/by-nc/3.0/</intellectualRights><associatedParty><individualName>Tor Tønsberg, curator of lichens</individualName><electronicMailAddress>tor.tonsberg@um.uib.no</electronicMailAddress></associatedParty><abstract><para>The lichen collection at herbarium BG consists of 95000 fully computerized specimens. About 51000 are from Norway. Important material is also from and the Arctic (Svalbard with Bjørnøya), Antarctica (Mainland Antarctica, Argentine Islands, Bouvet Island, Gough Island, Kerguelen, Prince Edward Islands, and South Orkney Islands), and North-America. The herbarium includes material collected by, e.g., N.M. Blytt, T. Engelskjøn, Th.M. Fries, G. Gaarder, J.J. Havaas, J.I. Johnsen, P.M. Jørgensen, W. Maas, N.G. Moe, J.M. Norman, D.O. Øvstedal, C. Printzen, T. Spribille, and T. Tønsberg.</para></abstract></collection><collection identifier="fa76f173-4494-4819-841f-8ec4548af12a" id="86"><alternateIdentifier>https://lichenportal.org/cnalh/collections/misc/collprofiles.php?collid=86</alternateIdentifier><parentCollectionIdentifier>BALT</parentCollectionIdentifier><collectionIdentifier></collectionIdentifier><collectionName>Towson University Biodiversity Center</collectionName><resourceLogoUrl>https://lichenportal.org/cnalh/content/collicon/BALT.png</resourceLogoUrl><onlineUrl>https://www.towson.edu/fcsm/centers/biodiversity/herbarium.html</onlineUrl><intellectualRights>http://creativecommons.org/licenses/by-nc/3.0/</intellectualRights><associatedParty><individualName>David Hearn, Curator of Botany</individualName><electronicMailAddress>dhearn@towson.edu</electronicMailAddress></associatedParty><abstract><para>The herbarium (BALT) was formally organized in 1967 under the directorship of Dr. Mary Castelli. Two years following its establishment, Dr. Donald Windler joined the faculty and became the curator of the collection. Following the retirement of Dr. Windler (in 2003), Dr. Roberts assumed the directorship of the collections. During Dr. Windler’s tenure, the collection grew extensively. The core collection is built around a donation of specimens from the Maryland Natural History Society. The donation includes specimens from as early as 1864 and represents historic records of species distribution in Maryland and the mid-Atlantic region.</para></abstract></collection><collection identifier="7edd4334-f894-456a-a149-388a124ab78e" id="87"><alternateIdentifier>https://lichenportal.org/cnalh/collections/misc/collprofiles.php?collid=87</alternateIdentifier><parentCollectionIdentifier>IDS</parentCollectionIdentifier><collectionIdentifier></collectionIdentifier><collectionName>Idaho Museum of Natural History</collectionName><resourceLogoUrl>https://lichenportal.org/cnalh/content/collicon/IDS.png</resourceLogoUrl><onlineUrl></onlineUrl><intellectualRights>http://creativecommons.org/licenses/by-nc/3.0/</intellectualRights><associatedParty><individualName>Dr. Rick Williams, Curator</individualName><electronicMailAddress>willcha2@isu.edu</electronicMailAddress></associatedParty><abstract><para>The Idaho Museum of Natural History is home to collections in Anthropology, Earth Sciences, and Life Sciences. The Museum also maintains an archive which documents its history as well as the history of the collections. Researchers pursue scholarly study of the collections and publish their findings in peer-reviewed and museum-sponsored publications. Exhibitions emphasize the collections and mission of the Museum, and include permanent and special offerings. Educational classes for children, families, and adults provide more in-depth exploration of the natural history of Idaho.</para></abstract></collection><collection identifier="a3864a15-02f1-4d65-9a3c-a5f450b74f50" id="89"><alternateIdentifier>https://lichenportal.org/cnalh/collections/misc/collprofiles.php?collid=89</alternateIdentifier><parentCollectionIdentifier>US</parentCollectionIdentifier><collectionIdentifier>Lichens</collectionIdentifier><collectionName>United States National Herbarium - Smithsonian</collectionName><resourceLogoUrl>https://lichenportal.org/cnalh/content/collicon/us.jpg</resourceLogoUrl><onlineUrl>http://botany.si.edu/colls/collections_overview.htm</onlineUrl><intellectualRights>http://creativecommons.org/licenses/by-nc/3.0/</intellectualRights><associatedParty><individualName>Chris Tuccinardi, US Herbarium data manager</individualName><electronicMailAddress>tuccinar@si.edu</electronicMailAddress></associatedParty><abstract><para>The United States National Herbarium was founded in 1848, when the first collections were accessioned from the United States Exploring Expedition (50,000 specimens of 10,000 species). Current holdings total 5 million specimens, making this collection among the ten largest in the world representing about 8% of the plant collection resources of the United States. The herbarium is especially rich in type specimens (@110,000).</para></abstract></collection><collection identifier="5c270741-d6cc-4210-bb16-5dd4b20b5713" id="90"><alternateIdentifier>https://lichenportal.org/cnalh/collections/misc/collprofiles.php?collid=90</alternateIdentifier><parentCollectionIdentifier>UCR</parentCollectionIdentifier><collectionIdentifier></collectionIdentifier><collectionName>Lichen Herbarium of the University of California, Riverside</collectionName><resourceLogoUrl>https://lichenportal.org/cnalh/content/collicon/ucr.png</resourceLogoUrl><onlineUrl>http://www.herbarium.ucr.edu/UCRDB_NF.html</onlineUrl><intellectualRights>http://creativecommons.org/licenses/by-nc/3.0/</intellectualRights><associatedParty><individualName>Andrew Sanders, Curator</individualName><electronicMailAddress>andrew.sanders@ucr.edu</electronicMailAddress></associatedParty><abstract><para>The Herbarium at the University of California, Riverside (UCR) serves as an important source of information for the Southern California regional community of academic researchers, private biological consulting firms, farmers and other individuals involved with plants as a business, research topic, management concern, or just a personal interest as well as for botanists from around the world. One hundred percent of its specimens are databased and 87%, georeferenced (mappable in GIS). Currently UCR is the 4th largest contributor to the Consortium of California Herbaria (some 142,736 specimens). UCR's oldest specimen was taken September 1859 on the Hayden Expedition, Powder River, Wyoming. The UCR Herbarium has documented the abundance and distribution of species, their changes in range over time (such as new records in Los Angeles County of species known elsewhere), the arrival of invasive species, rediscovery of "extinct" species, and the collapse of Bromus trinii/berteroanus.</para></abstract></collection><collection identifier="33669274-8c28-4946-8b64-149823d7fadb" id="92"><alternateIdentifier>https://lichenportal.org/cnalh/collections/misc/collprofiles.php?collid=92</alternateIdentifier><parentCollectionIdentifier>SFSU</parentCollectionIdentifier><collectionIdentifier></collectionIdentifier><collectionName>Harry D. Thiers Herbarium at San Francisco State University</collectionName><resourceLogoUrl>https://lichenportal.org/cnalh/content/collicon/sfsu.png</resourceLogoUrl><onlineUrl>http://online.sfsu.edu/patters/herbarium/</onlineUrl><intellectualRights>http://creativecommons.org/licenses/by-nc/3.0/</intellectualRights><associatedParty><individualName>Dennis Desjardin, Director</individualName><electronicMailAddress>ded@sfsu.edu</electronicMailAddress></associatedParty><abstract><para>The Harry D. Thiers Herbarium at San Francisco State University maintains over 113,ooo specimens. Its primary research focus is mycological. Most of the early collections were made by Harry Thiers and his students, and later by Dennis Desjardin and his students. Specialties include fleshy fungi of North America, Hawai'i, Indonesia, and southeast Asia; California lichens, bryophytes, and flowering plants, with an exceptionally large collection of Arctostaphylos.</para></abstract></collection><collection identifier="fab5afbb-6998-4088-adc5-e422f2fd18cd" id="93"><alternateIdentifier>https://lichenportal.org/cnalh/collections/misc/collprofiles.php?collid=93</alternateIdentifier><parentCollectionIdentifier>QFA</parentCollectionIdentifier><collectionIdentifier></collectionIdentifier><collectionName>Louis-Marie Herbarium, Université Laval</collectionName><resourceLogoUrl>https://lichenportal.org/cnalh/content/collicon/qfa.png</resourceLogoUrl><onlineUrl>http://www.herbier.ulaval.ca</onlineUrl><intellectualRights>http://creativecommons.org/licenses/by-nc/3.0/</intellectualRights><associatedParty><individualName>Serge Payette, Curator</individualName><electronicMailAddress>serge.payette@herbier.ulaval.ca</electronicMailAddress></associatedParty><abstract><para>The Louis-Marie Herbarium contains a high quality collection of plants that is adapted to the needs of researchers in the fields of systematics, biogeography, genetics, and molecular ecology. The herbarium places an emphasis on Canada’s arctic-alpine, subarctic, and boreal species. The herbarium is making its collection available to both researchers and students with the creation of an interactive electronic database HERCUL (Herbier catalogué de l'Université Laval). Currently 31% of the herbarium collection (770 000 specimens) are catalogued in the HERCUL database.</para></abstract></collection><collection identifier="01c18863-f6d7-40e4-9cb7-0cd2a333a97e" id="94"><alternateIdentifier>https://lichenportal.org/cnalh/collections/misc/collprofiles.php?collid=94</alternateIdentifier><parentCollectionIdentifier>NBM</parentCollectionIdentifier><collectionIdentifier></collectionIdentifier><collectionName>New Brunswick Museum</collectionName><resourceLogoUrl>https://lichenportal.org/cnalh/content/collicon/nbm.png</resourceLogoUrl><onlineUrl>http://www.nbm-mnb.ca/</onlineUrl><intellectualRights>http://creativecommons.org/licenses/by-nc/3.0/</intellectualRights><associatedParty><individualName>Stephen Clayden, Curator</individualName><electronicMailAddress>Stephen.Clayden@nbm-mnb.ca</electronicMailAddress></associatedParty><abstract><para>The New Brunswick Museum herbarium houses about 115,000 specimens documenting the diversity, distributions, and habitats of plants and fungi in New Brunswick and other areas of eastern Canada. It is an active regional resource for research, education, and biodiversity conservation. It incorporates the 19th century collections of the Natural History Society of New Brunswick, including much of the material on which the first published catalogue (1879) of the provincial vascular flora was based. In recent decades, the NBM collections of bryophytes, lichens, and fungi have grown considerably; they include international material and exsiccatae. The cryptogams now represent more than two-thirds of the overall holdings of the herbarium.</para></abstract></collection><collection identifier="7588efca-5305-4edd-acef-785ac50351f3" id="96"><alternateIdentifier>https://lichenportal.org/cnalh/collections/misc/collprofiles.php?collid=96</alternateIdentifier><parentCollectionIdentifier>CHSC</parentCollectionIdentifier><collectionIdentifier></collectionIdentifier><collectionName>The Chico State Herbarium</collectionName><resourceLogoUrl>https://lichenportal.org/cnalh/content/collicon/chsc.png</resourceLogoUrl><onlineUrl>http://www.csuchico.edu/herbarium/index.shtml</onlineUrl><intellectualRights>http://creativecommons.org/licenses/by-nc/4.0/</intellectualRights><associatedParty><individualName>Lawrence Janeway, Curator</individualName><electronicMailAddress>LJaneway@csuchico.edu</electronicMailAddress></associatedParty><abstract><para>Located in Holt Hall room 129, the Herbarium is the most complete repository of plant specimens from northeastern California. The emphasis is on the northern California flora, and includes a great number of rare, threatened, and endangered plant species. Established with specimens donated by the late Professor Vesta Holt in the 1950's, the herbarium now contains more than 105,000 dried and mounted plant specimens. The majority of samples are flowering plants, conifers, and ferns, but bryophytes, lichens, and especially slime molds, are also well represented. The herbarium is used extensively for identification of sensitive and other plant species by various agencies and individuals. Loans of herbarium specimens are made to any higher academic institutions who request them.</para></abstract></collection><collection identifier="f669c4f7-69ca-444f-8b4f-7706e07b2f38" id="98"><alternateIdentifier>https://lichenportal.org/cnalh/collections/misc/collprofiles.php?collid=98</alternateIdentifier><parentCollectionIdentifier>UCSB</parentCollectionIdentifier><collectionIdentifier></collectionIdentifier><collectionName>University of California Santa Barbara Lichen Collection</collectionName><resourceLogoUrl>https://lichenportal.org/cnalh/content/collicon/ucsb.jpg</resourceLogoUrl><onlineUrl>http://ccber.ucsb.edu/collections/botanical/</onlineUrl><intellectualRights>http://creativecommons.org/publicdomain/zero/1.0/</intellectualRights><associatedParty><individualName>Katja Seltmann</individualName><electronicMailAddress>seltmann@ccber.ucsb.edu</electronicMailAddress></associatedParty><abstract><para>The University of California, Santa Barbara (UCSB) Herbarium has approximately 120,000 herbarium specimens of vascular plants, lichens, bryophytes, and marine macroalgae. The herbarium is housed at the Cheadle Center for Biodiversity and Ecological Restoration on the campus of UCSB. The vascular plant collection consist mainly of specimens from Santa Barbara County, including the northern Channel Islands, with additional collections from San Luis Obispo, Kern, and Ventura Counties, the southern Sierra Nevada region, southern California, and northern Mexico. Special collections include the J. R. Haller pine collection (5,000 specimens), with emphasis on population-level sampling of many western North American pine species, and the Cornelius H. Muller oak collection, with ca. 7,000 specimens from the USA and Mexico. Also conserved in the herbarium are ca. 69,000 slide preparations and spirit collections of Vernon I. Cheadle and Katherine Esau. There are 43 type specimens of plants and marine macroalgae. Incorporated collections include the Santa Rosa Island Reserve (SCIR) herbarium (1,500) and the marine macroalgae of the Santa Barbara Museum of Natural History (1,035), which contains some of the earliest collections of California seaweeds. Greg Wahlert is the current collections manager. Taxonomy and nomenclature follow the second edition of the Jepson Manual (Baldwin et al., 2012). Financial assistance with digitization efforts is provided in part by the UCSB Coastal Fund.</para></abstract></collection><collection identifier="68622c10-641e-41ea-9a39-f5e9b04a9815" id="99"><alternateIdentifier>https://lichenportal.org/cnalh/collections/misc/collprofiles.php?collid=99</alternateIdentifier><parentCollectionIdentifier>ID</parentCollectionIdentifier><collectionIdentifier></collectionIdentifier><collectionName>University of Idaho</collectionName><resourceLogoUrl>https://lichenportal.org/cnalh/content/collicon/id.jpg</resourceLogoUrl><onlineUrl>http://www.uidaho.edu/research/entities/herbarium</onlineUrl><intellectualRights>http://creativecommons.org/licenses/by-nc/3.0/</intellectualRights><associatedParty><individualName>David Tank, Director</individualName><electronicMailAddress>dtank@uidaho.edu</electronicMailAddress></associatedParty><abstract><para>Established in 1892, the University of Idaho Stillinger Herbarium is the largest herbarium in Idaho and functions as the official state repository for more than 200,000 plant and fungal specimens. The herbarium’s collections contribute to a wide variety of research at the University of Idaho and beyond, supporting research in systematics, ecology, floristics, conservation biology and natural resource management, and the herbarium and its resources are used for both formal and informal teaching and learning at the University of Idaho.</para></abstract></collection><collection identifier="9c783434-9389-4b95-90f9-8b8218a77b45" id="103"><alternateIdentifier>https://lichenportal.org/cnalh/collections/misc/collprofiles.php?collid=103</alternateIdentifier><parentCollectionIdentifier>GAM</parentCollectionIdentifier><collectionIdentifier></collectionIdentifier><collectionName>University of Georgia, Julian H. Miller Mycological Herbarium</collectionName><resourceLogoUrl>https://lichenportal.org/cnalh/content/collicon/gam.png</resourceLogoUrl><onlineUrl>http://fishesofgeorgia.uga.edu/Mycoherb_site/main.htm</onlineUrl><intellectualRights>http://creativecommons.org/publicdomain/zero/1.0/</intellectualRights><associatedParty><individualName>Dr. D. Jean Lodge</individualName><electronicMailAddress>dlodgester@gmail.com, herbgam@uga.edu</electronicMailAddress></associatedParty><abstract><para>The Julian H. Miller Mycological Herbarium (GAM) is an internationally recognized collection of fungi with an estimated 30,500 specimens that is a unit of the Georgia Museum of Natural History of the University of Georgia. The herbarium collections are especially strong in plant pathogenic ascomycetes; although, the majority of specimens are from Georgia and the southeastern USA. Specimens in the collection date back to the late 1800’s, including exsiccati of J.B. Ellis and M.B. Everhart and A.B. Seymour and F. S. Earle. Other important collections are the Forest Disease Fungi acquired from the USDA Forest Service in Athens, which includes the rust collections of George Hepting and the Coleosporium collection of George Hedgcock, a large collection of Georgia myxomycetes and a collection of Georgia lichens.</para></abstract></collection><collection identifier="31332711-120a-404b-8306-fb578467c090" id="110"><alternateIdentifier>https://lichenportal.org/cnalh/collections/misc/collprofiles.php?collid=110</alternateIdentifier><parentCollectionIdentifier>UBC</parentCollectionIdentifier><collectionIdentifier></collectionIdentifier><collectionName>University of British Columbia Herbarium</collectionName><resourceLogoUrl>https://lichenportal.org/cnalh/content/collicon/ubc.jpg</resourceLogoUrl><onlineUrl>http://www.biodiversity.ubc.ca/museum/herbarium/lichen/index.html</onlineUrl><intellectualRights>http://creativecommons.org/publicdomain/zero/1.0/</intellectualRights><associatedParty><individualName>Trevor Goward</individualName><electronicMailAddress>Trevor.Goward@botany.ubc.ca</electronicMailAddress></associatedParty><abstract><para>The UBC Herbarium Lichen collection currently contains over 35,000 accessioned specimens. The lichen collection is arranged alphabetically by genera. Within each genus, the species are by alphabetical order. Each species is then arranged in order by geographical regions. The regions are separated by color-coded index cards. North America (North of Mexico) is indicated by a coloured marker on the upper left corner of the card. The cards for material outside of North America have makers on the right. The geographical regions are assigned colours and numbers, where colours are put on the index cards, and numbers are placed on the outside of the boxes.</para></abstract></collection><collection identifier="d53fea73-c533-49a8-8d14-de6fb0b44ecf" id="131"><alternateIdentifier>https://lichenportal.org/cnalh/collections/misc/collprofiles.php?collid=131</alternateIdentifier><parentCollectionIdentifier>KE</parentCollectionIdentifier><collectionIdentifier></collectionIdentifier><collectionName>Kent State University Lichen Herbarium</collectionName><resourceLogoUrl>https://lichenportal.org/cnalh/content/collicon/ke.jpg</resourceLogoUrl><onlineUrl>https://www.kent.edu/biology/herbarium</onlineUrl><intellectualRights>http://creativecommons.org/licenses/by-nc/4.0/</intellectualRights><associatedParty><individualName>Dylan Stover</individualName><electronicMailAddress>dstover@kent.edu</electronicMailAddress></associatedParty><abstract><para>The Tom S. and Miwako K. Cooperrider Herbarium was founded in 1921, and currently holds approximately 81,000 accessions. The strength of the collection is primarily in flora of northeastern Ohio, but we also have a good representation of other parts of the state and of other regions of North America. Significant collections include those of T. S. Cooperrider and his students, and late 19th and early 20th century collections of Almon Rood and his contemporaries.</para></abstract></collection></symbiota></metadata></additionalMetadata></eml:eml>
