id,observed_on_string,observed_on,time_observed_at,time_zone,user_id,user_login,created_at,updated_at,url,image_url,tag_list,description,oauth_application_id,place_guess,latitude,longitude,positional_accuracy,private_place_guess,private_latitude,private_longitude,private_positional_accuracy,geoprivacy,taxon_geoprivacy,coordinates_obscured,positioning_device,place_town_name,place_county_name,species_guess,scientific_name,taxon_id,field:collector's name,field:habitat - fungi,field:mushroom observer consensus name,field:mushroom observer url,field:observer(s) name(s),field:reservation or park,field:substrate - fungi,field:voucher number(s),field:voucher specimen taken
30847330,2019-08-14,2019-08-14,,Eastern Time (US & Canada),748303,squirrely,2019-08-15 01:16:07 UTC,2020-08-13 21:31:46 UTC,https://www.inaturalist.org/observations/30847330,https://static.inaturalist.org/photos/48220139/medium.jpeg?1565831755,"",<p>Collected as part of the North American Mycoflora Project 2019 Continental Mycoblitz</p>,,"Batavia Township Sports Complex, Batavia, Ohio, USA",39.06325,-84.21545,190,,,,,,,false,,,Clermont,Phialocephala aylmerensis,Phialocephala aylmerensis,1117573,,,Mollisia (Fr.) P. Karst.,http://mushroomobserver.org/observer/show_observation/378075,,,wood,01412,Yes
30896218,2019/08/15 11:49 AM EDT,2019-08-15,2019-08-15 15:49:00 UTC,Eastern Time (US & Canada),757915,nwobob,2019-08-15 21:03:15 UTC,2020-08-13 21:31:30 UTC,https://www.inaturalist.org/observations/30896218,https://static.inaturalist.org/photos/48298625/medium.jpg?1565902767,"","",,"Lucas County, OH, USA",41.5179845708,-83.8819528076,4,,,,,,,false,,,Lucas,milkcaps,Lactarius,54597,Robert Antibus,Mixed oak with old white pines,,,,,soil,66205,Yes
30923623,2019-08-14,2019-08-14,,Eastern Time (US & Canada),748303,squirrely,2019-08-16 11:06:09 UTC,2020-08-13 21:31:18 UTC,https://www.inaturalist.org/observations/30923623,https://static.inaturalist.org/photos/48346701/medium.jpeg?1565953560,"",<p>Collected as part of the North American Mycoflora Project 2019 Continental Mycoblitz.</p>,,"Batavia Township Sports Complex, Batavia, Ohio, USA",39.06325,-84.21545,190,,,,,,,false,,,Clermont,Resupinatus,Resupinatus,203715,Crystal Davidson,Small twig in hardwood forest,Resupinatus applicatus (Batsch) Gray,http://mushroomobserver.org/observer/show_observation/378242,,,wood,01405,Yes
30923643,2019-08-14,2019-08-14,,Eastern Time (US & Canada),748303,squirrely,2019-08-16 11:06:36 UTC,2020-08-13 21:31:07 UTC,https://www.inaturalist.org/observations/30923643,https://static.inaturalist.org/photos/48346726/medium.jpeg?1565953586,"",<p>Collected as part of the North American Mycoflora Project 2019 Continental Mycoblitz.</p>,,"Batavia Township Sports Complex, Batavia, Ohio, USA",39.06325,-84.21545,190,,,,,,,false,,,Clermont,Pluteus albostipitatus,Pluteus albostipitatus,328234,Crystal Davidson,Large dead log in hardwood forest,Pluteus Fr.,http://mushroomobserver.org/observer/show_observation/378244,,,wood,01219,Yes
31153954,2019-08-19,2019-08-19,,Eastern Time (US & Canada),748303,squirrely,2019-08-20 01:56:58 UTC,2020-08-13 21:30:53 UTC,https://www.inaturalist.org/observations/31153954,https://static.inaturalist.org/photos/48731462/medium.jpeg?1566266203,"","<p>Collected as part of the North American Mycoflora Project 2019 Continental Mycoblitz.<br />
Found growing in woody debris not far from a creek.</p>",,"Shor Park, Clermont Co., Ohio, USA",39.1113,-84.2393,524,,,,,,,false,,,Clermont,Pluteus,Pluteus,60783,Crystal Davidson,,Mycena (Pers.) Roussel,http://mushroomobserver.org/observer/show_observation/378615,,,wood,01409,Yes
31236595,2019/08/17 3:28 PM EDT,2019-08-17,2019-08-17 19:28:00 UTC,Eastern Time (US & Canada),757915,nwobob,2019-08-21 15:25:21 UTC,2020-08-13 21:30:40 UTC,https://www.inaturalist.org/observations/31236595,https://static.inaturalist.org/photos/48869609/medium.jpg?1566400949,"","",,"Willoughby, OH 44094, USA",41.6316526723,-81.3814961314,122,,,,,,,false,,,Lake,Clavulinopsis,Clavulinopsis,55244,Robert Antibus,"Mixed oak, beech and hemlock",,,,,soil,66236,Yes
32147850,2019-08-17,2019-08-17,,Eastern Time (US & Canada),374372,heelsplitter,2019-09-05 05:56:36 UTC,2020-08-13 21:30:27 UTC,https://www.inaturalist.org/observations/32147850,https://static.inaturalist.org/photos/50395069/medium.jpeg?1567662974,"","<p>Collected by a participant in the Ohio Mushroom Society&#8217;s 2019 summer foray. Growing on a Phylloporus species. Producing thick-walled, yellowish-brown aleuriospores and hyaline, smooth, thin-walled conidia. Aleuriospore measurements: (22.1) 27.7 &#8211; 33.1 (34.5) × (11.7) 12.1 &#8211; 15 (17.1) µm, Q = (1.5) 1.9 &#8211; 2.6 (2.8); N = 30, Me = 30.6 × 13.7 µm; Qe = 2.2</p>",,"Penitentiary Glen Reservation, Kirtland, Lake Co., Ohio, USA",41.61275,-81.3406,1384,,,,,,,false,"",,Lake,Hypomyces chlorinigenus,Hypomyces chlorinigenus,382736,Django Grootmyers,,Hypomyces chlorinigenus Rogerson & Samuels,http://mushroomobserver.org/observer/show_observation/379124,,,other,MF66227,Yes
32147867,2019-08-17,2019-08-17,,Eastern Time (US & Canada),374372,heelsplitter,2019-09-05 05:57:52 UTC,2020-08-13 21:30:18 UTC,https://www.inaturalist.org/observations/32147867,https://static.inaturalist.org/photos/50395123/medium.jpeg?1567663029,"","<p>Collected on the Ohio Mushroom Society&#8217;s 2019 summer foray. Growing abundantly in swampy soil in a hardwood forest. Acer spp., Quercus spp., Ulmus spp., Carya spp., Fagus grandifolia, Ostrya virginiana and other hardwoods present in the area. Caps smooth, glabrous, hygrophanous and translucent striate at the margins; becoming darker, more grayish brown in drying. Stems dry, smooth and attached to white rhizomorphs at the bases. Taste slightly farinose and nutty. Odor not distinctive. At least some clamps present in the pileipellis. Pileipellis a cutis. Pileipellis elements smooth with intracellular pigment; 6.7 &#8211; 17.9 µm wide (10 measured). Pileipellis elements closest to the surface with light brown intracellular pigment. Other pileipellis elements hyaline. Pleurocystidia and cheilocystidia absent. Basidia 4-sterigmate. Basidia measurements: (24.9) 29.8 &#8211; 37.7 (42) × (7.2) 9.1 &#8211; 11.3 (11.9) µm, Q = (2.6) 2.7 &#8211; 3.7 (4); N = 30, Me = 33.5 × 10.1 µm; Qe = 3.3. Spores with 5 to 7 major angles. Spore measurements: (7.3) 8.2 &#8211; 10.3 (10.8) × (6) 6.4 &#8211; 8.2 (8.6) µm, Q = (1) 1.1 &#8211; 1.39 (1.4); N = 30, Me = 9 × 7.2 µm; Qe = 1.3</p>",,"Chapin Forest Reservation, Kirtland, Ohio, USA",41.59425,-81.36505,1898,,,,,,,false,"",,Lake,Entoloma multiforme,Entoloma multiforme,932984,Django Grootmyers,,Entoloma multiforme (Peck) Kokkonen,http://mushroomobserver.org/observer/show_observation/379480,,,soil,MF80552,Yes
32147891,2019-08-17,2019-08-17,,Eastern Time (US & Canada),374372,heelsplitter,2019-09-05 06:00:00 UTC,2020-08-13 21:30:05 UTC,https://www.inaturalist.org/observations/32147891,https://static.inaturalist.org/photos/50395206/medium.jpeg?1567663101,"","<p>Collected on the Ohio Mushroom Society&#8217;s 2019 summer foray. Growing abundantly in swampy soil in a hardwood forest. Acer spp., Quercus spp., Ulmus spp., Carya spp., Fagus grandifolia, Ostrya virginiana and other hardwoods present in the area. Caps and stems dry. Caps finely areolate at maturity. Young pores dull red, becoming dull yellow with some red remaining on the tube mouths closest to the stem. Pores short-decurrent and not bruising noticeably. Stems with reddish punctae and reticulation, and with white basal mycelium attached to white rhizomorphs. Context white throughout, slowly bruising sky blue, and with yellow discoloration in holes made by insect larvae. Odor not distinctive. 10% NH4OH neutral on the cap and context. 1M KOH dark reddish-brown on the cap and light rusty brown on the context. FeSO4 dull brown on the cap (weakly reacting) and light olive brown on the context. Pileipellis hyphae with encrusting pigment. Clamps lacking in the pileipellis and in the hymenial trama. Basidia 4-sterigmate. Spores smooth and light brown in Melzer&#8217;s. Spore measurements: (11.6) 12.1 &#8211; 14.1 (14.6) × (4) 4.1 &#8211; 4.6 (5.1) µm, Q = (2.5) 2.7 &#8211; 3.2 (3.4); N = 30, Me = 13.2 × 4.4 µm; Qe = 3</p>",,"Chapin Forest Reservation, Kirtland, Ohio, USA",41.59425,-81.36505,1898,,,,,,,false,"",,Lake,Xerocomus,Xerocomus,118154,Django Grootmyers,,Xerocomus Quél.,http://mushroomobserver.org/observer/show_observation/379565,,,soil,CM2019-00994,Yes
32147907,2019-08-17,2019-08-17,,Eastern Time (US & Canada),374372,heelsplitter,2019-09-05 06:01:37 UTC,2020-08-13 21:29:26 UTC,https://www.inaturalist.org/observations/32147907,https://static.inaturalist.org/photos/50395280/medium.jpeg?1567663282,"","<p>Collected by John Plischke III on the Ohio Mushroom Society&#8217;s 2019 summer foray. Growing on a cicada. Conidia and conidiophores appearing hyaline under the microscope. Conidia catennulat, smooth, and thin-walled. Conidia measurements: (3.9) 5.2 &#8211; 6.6 (7.5) × (2) 2.2 &#8211; 2.7 (2.9) µm, Q = (1.4) 1.9 &#8211; 2.8 (3.1); N = 30, Me = 5.9 × 2.4 µm; Qe = 2.4</p>",,"Chapin Forest Reservation, Kirtland, Ohio, USA",41.59425,-81.36505,1898,,,,,,,false,"",,Lake,Metarhizium,Metarhizium,328137,"John Plischke III, Django Grootmyers",,Metarhizium Sorokīn,http://mushroomobserver.org/observer/show_observation/379804,,,other,CM2019-00934,Yes
32147927,2019-08-17,2019-08-17,,Eastern Time (US & Canada),374372,heelsplitter,2019-09-05 06:03:26 UTC,2020-08-13 21:29:03 UTC,https://www.inaturalist.org/observations/32147927,https://static.inaturalist.org/photos/50395339/medium.jpeg?1567663379,"","<p>Collected by Ash Molnar on the Ohio Mushroom Society&#8217;s 2019 summer foray. Growing singly on a chunk of well-rotted Quercus wood in a forest containing Tsuga canadensis, Fagus canadensis, Sassafras albidum, Quercus spp., Acer spp., Carya spp. and some other hardwoods. Fairly dried-out when collected. Cap and stem dry. Basal mycelium white. All structures inamyloid. Pileipellis a cutis, lacking inflated elements and encrusting pigment. Clamps present in the lamellar trama. Pleurocystidia and cheilocystidia absent. Spores hyaline, thin-walled and smooth. Spore measurements: (4.5) 4.6 &#8211; 5.8 (5.9) × (2.4) 2.6 &#8211; 3.8 (3.9) µm, Q = (1.4) 1.5 &#8211; 2 (2.2); N = 30, Me = 5.2 × 3.1 µm; Qe = 1.7</p>",,"Penitentiary Glen Reservation, Kirtland, Lake Co., Ohio, USA",41.61275,-81.3406,1384,,,,,,,false,"",,Lake,Clitocybe americana,Clitocybe americana,155109,"Ash Molnar, Django Grootmyers",,Clitocybe americana H.E. Bigelow,http://mushroomobserver.org/observer/show_observation/379951,,,wood,CM2019-00989,Yes
32147962,2019-08-17,2019-08-17,,Eastern Time (US & Canada),374372,heelsplitter,2019-09-05 06:04:56 UTC,2020-08-13 21:28:53 UTC,https://www.inaturalist.org/observations/32147962,https://static.inaturalist.org/photos/50395395/medium.jpeg?1567663434,"","<p>Collected by Ash Molnar on the Ohio Mushroom Society&#8217;s 2019 summer foray. Tsuga canadensis, Acer spp., Quercus spp., Ulmus spp., Carya spp., Fagus grandifolia, Ostrya virginiana and other hardwoods present in the area. 2 fruiting bodies growing scattered among leaf litter in soil. Cap and stem dry. Stem not reticulate or bruising blue. Stem context yellow, lighter in the cap. Context bruising sky-blue quickly in the cap, eratically and more slowly in the stem. Pores yellow, bruising blue before fading to brown. 10% NH4OH neutral on cap and cap context, 1M KOH light yellowish-brown on cap and erasing bluing on cap context, and FeSO4 gray on cap and olive-gray on cap context. Odor slightly fruity when fresh. Clamps absent in the lamellar trama and the pileipellis. Unknown hymenial structures filled with a yellowish granular substance present and scattered. Spores light brown in Melzer&#8217;s reagent and smooth. Spore measurements: (8.3) 9.5 &#8211; 10.6 (11.3) × (3.1) 3.5 &#8211; 3.9 (4.2) µm, Q = (2.5) 2.53 &#8211; 2.9 (3.2); N = 30, Me = 10 × 3.7 µm; Qe = 2.7</p>",,"Chapin Forest Reservation, Kirtland, Ohio, USA",41.59425,-81.36505,1898,,,,,,,false,"",,Lake,Boletus miniato-olivaceus,Boletus miniato-olivaceus,499955,"Ash Molnar, Django Grootmyers",,Boletus miniato-olivaceus Frost.,http://mushroomobserver.org/observer/show_observation/380772,,,soil,CM2019-00997,Yes
32148006,2019-08-17,2019-08-17,,Eastern Time (US & Canada),374372,heelsplitter,2019-09-05 06:08:03 UTC,2020-08-13 21:28:37 UTC,https://www.inaturalist.org/observations/32148006,https://static.inaturalist.org/photos/50395518/medium.jpeg?1567663648,"","<p>Collected by a participant in the Ohio Mushroom Society&#8217;s 2019 summer foray.Cap and stem pure white when fresh and discoloring brown slowly after picking. Cap glabrous when fresh. Stem dry and smooth. Gills adnexed. Odor slightly sweet. All structures inamyloid. Clamps present in the pileipellis and at the base of basidia. Pileipellis an ixocutis. Lactifers present in  the lamellar trama. Pleurocystidia and cheilocystidia absent. At least some basidia 4-sterigmate. Spores smooth, hyaline and thin-walled. Spore measurements: (6.6) 7 &#8211; 11.1 (11.9) × (3.9) 4.3 &#8211; 5.2 (5.6) µm, Q = (1.4) 1.5 &#8211; 2 (3.1); N = 30, Me = 8.4 × 4.7 µm; Qe = 1.8</p>",,"Penitentiary Glen Reservation, Kirtland, Lake Co., Ohio, USA",41.61275,-81.3406,1384,,,,,,,false,"",,Lake,Hygrocybe huronensis,Hygrocybe huronensis,932985,"Ohio, Mushroom Society (foray), Django Grootmyers",,Hygrocybe huronensis (A.H. Sm. & Hesler) Singer,http://mushroomobserver.org/observer/show_observation/380998,,,not recorded,CM2019-00990,Yes
32672546,2019-08-14,2019-08-14,,Eastern Time (US & Canada),748303,squirrely,2019-09-14 00:27:56 UTC,2020-08-13 21:28:23 UTC,https://www.inaturalist.org/observations/32672546,https://static.inaturalist.org/photos/51262422/medium.jpeg?1568420872,"",<p>Collected as part of the North American Mycoflora Project 2019 Continental Mycoblitz</p>,,"Batavia Township Sports Complex, Batavia, Ohio, USA",39.06325,-84.21545,190,,,,,,,false,,,Clermont,Tatraea macrospora,Tatraea macrospora,154757,Crystal Davidson,,Tatraea macrospora (Peck) Baral,http://mushroomobserver.org/observer/show_observation/382359,,,wood,01215,Yes
35512328,2019/11/01 11:19 AM EDT,2019-11-01,2019-11-01 15:19:00 UTC,Eastern Time (US & Canada),2412996,sueriver,2019-11-10 01:56:38 UTC,2020-08-13 21:28:08 UTC,https://www.inaturalist.org/observations/35512328,https://static.inaturalist.org/photos/56002981/medium.jpeg?1573350945,"",,,"Medina, Ohio, United States",41.2659611111,-81.9372861111,18,,,,,,,false,,,Medina,Pluteus aurantiorugosus,Pluteus aurantiorugosus,351886,,,,,,,,,
35811490,2019-10-27,2019-10-27,,Eastern Time (US & Canada),374372,heelsplitter,2019-11-18 08:34:44 UTC,2020-08-13 21:27:58 UTC,https://www.inaturalist.org/observations/35811490,https://static.inaturalist.org/photos/56516036/medium.jpeg?1574066052,"","<p>Growing on a Populus deltoides log. Clamps present in the lamellar trama. Cheilocystidia unchanging in 10% NH4OH. Basidia 4-sterigmate. Spores smooth, brown in NH4OH dull brown in mass. Spore measurements: (6.6) 6.8 &#8211; 8.5 (9.4) × (4.2) 4.3 &#8211; 5.4 (5.8) µm, Q = (1.4) 1.42 &#8211; 1.7 (1.8); N = 30, Me = 7.7 × 4.9 µm; Qe = 1.6</p>",,"Clifton, Ohio, USA",39.79685,-83.8258,525,,,,,,,false,,,Greene,Hemipholiota populnea,Hemipholiota populnea,786894,Django Grootmyers,,Hemipholiota populnea (Pers.) Bon,http://mushroomobserver.org/observer/show_observation/391312,,,wood,CM2019-00921,Yes
35811518,2019-10-20,2019-10-20,,Eastern Time (US & Canada),374372,heelsplitter,2019-11-18 08:38:26 UTC,2020-08-13 21:27:45 UTC,https://www.inaturalist.org/observations/35811518,https://static.inaturalist.org/photos/56516119/medium.jpeg?1574066164,"","<p>Growing singly from between the roots of a large Fagus grandifolia. Tsuga canadensis, Quercus spp. and Carpinus caroliniana nearby. Cap with granular patches and an even margin. Odor not distinctive. Pleurocystidia and cheilocystidia abundant and with the same tapered gloeocystidium form. Basidia 4-sterigmate. Spores strongly amyloid and warted. Spore measurements: (4.6) 5.5 &#8211; 6.8 (7.8) × (4.1) 4.9 &#8211; 5.8 (6.5) µm, Q = (1) 1.1 &#8211; 1.2 (1.4); N = 30, Me = 6 × 5.3 µm; Qe = 1.1</p>",,"Holden Arboretum, Kirtland, Ohio, USA",41.60895,-81.29995,187,,,,,,,false,,,Lake,Russula granulata,Russula granulata,629228,Django Grootmyers,,Russula pulverulenta Peck,http://mushroomobserver.org/observer/show_observation/391682,,,soil,CM2019-00977,Yes
35811539,2019-10-20,2019-10-20,,Eastern Time (US & Canada),374372,heelsplitter,2019-11-18 08:39:48 UTC,2020-08-13 21:27:29 UTC,https://www.inaturalist.org/observations/35811539,https://static.inaturalist.org/photos/56516165/medium.jpeg?1574066376,"","<p>Growing on a well-rotted hardwood log. Associated with a white rot. Dimitic. All structures inamyloid. Cystidia absent. Basidia 4-sterigmate. Spores smooth, hyaline and thin-walled. Spore measurements: (5) 5.3 &#8211; 6.9 (7.4) × (1.5) 1.7 &#8211; 2.4 (2.6) µm, Q = (2.4) 2.6 &#8211; 3.7 (4.1); N = 30, Me = 6.2 × 2 µm; Qe = 3.1</p>",,"Holden Arboretum, Kirtland, Ohio, USA",41.60895,-81.29995,187,,,,,,,false,,,Lake,Trametes pubescens,Trametes pubescens,203711,Django Grootmyers,,Tyromyces chioneus (Fr.) P. Karst.,http://mushroomobserver.org/observer/show_observation/392164,,,wood,CM2019-00970,Yes
35811604,2019-10-20,2019-10-20,,Eastern Time (US & Canada),374372,heelsplitter,2019-11-18 08:44:24 UTC,2020-08-13 21:27:10 UTC,https://www.inaturalist.org/observations/35811604,https://static.inaturalist.org/photos/56516327/medium.jpeg?1574066635,"","<p>Growing abundantly in mulch. Caps hygrophanous. Cap cuticle composed of rounded elements. Pleurocystidia absent. Cheilocystidia hyaline, thin-walled, smooth and utriform to lageniform. Cheilocystidia measurements: (22.6) 28.5 &#8211; 35.3 (37) × (8) 8.3 &#8211; 9.9 (10.8) µm, Q = (2.6) 3.2 &#8211; 3.6 (3.7); N = 6, Me = 31.4 × 9.3 µm; Qe = 3.4. Basidia 4-sterigmate. Spores brown and smooth, with germ pores. Spore measurements: (8.4) 8.5 &#8211; 9.5 (10.9) × (4.2) 4.7 &#8211; 5.3 (6.1) µm, Q = (1.7) 1.74 &#8211; 1.9 (2.1); N = 30, Me = 9.1 × 5 µm; Qe = 1.8. Germ pores 0.9 &#8211; 1.7 µm wide (30 measured).</p>",,"9855 Mitchells Mill Rd., Mentor, Ohio, USA",41.61445,-81.289,125,,,,,,,false,,,Geauga,Conocybe vexans,Bolbitiaceae,55472,Django Grootmyers,,Pholiotina rugosa (Peck) Sing.,http://mushroomobserver.org/observer/show_observation/392831,,,wood,CM2019-00978,Yes
35811655,2019-10-20,2019-10-20,,Eastern Time (US & Canada),374372,heelsplitter,2019-11-18 08:50:01 UTC,2020-08-13 20:43:07 UTC,https://www.inaturalist.org/observations/35811655,https://static.inaturalist.org/photos/56516559/medium.jpeg?1574066925,"","<p>Growing on a Quercus rubra log. Texture corky. Strong sweet odor like snickerdoodles. Taste strongly bitter. All structures inamyloid. Dimitic. Cylindrical leptocystidia scattered in the hymenium. Metuloid tramal cystidia present at the bases of the spines. Basidia 4-sterigmate. Spores smooth, hyaline and thin-walled. Spore measurements: (2.8) 2.9 &#8211; 3.9 (4.7) × (1.7) 1.8 &#8211; 2.5 (2.9) µm, Q = (1.3) 1.5 &#8211; 1.9 (2.1); N = 20, Me = 3.4 × 2.1 µm; Qe = 1.7</p>",,"Holden Arboretum, Kirtland, Ohio, USA",41.60895,-81.29995,187,,,,,,,false,,,Lake,Steccherinaceae,Steccherinaceae,974717,Django Grootmyers,,Steccherinum subrawakense Murrill,http://mushroomobserver.org/observer/show_observation/392968,,,wood,CM2019-00979,Yes
